"Jahr";"Stadtraum";"Befindlichkeitsart";"Anteil Benotung ""gut""";"Anteil Benotung ""teils/teils""";"Anteil Benotung ""schlecht"""
"1993";"01 StB Altstadt ohne Johannstadt";"Gesundheitszustand";41;54;5
"1993";"01 StB Altstadt ohne Johannstadt";"Wohlbefinden";38;56;5
"1993";"02 Johannstadt";"Gesundheitszustand";45;47;9
"1993";"02 Johannstadt";"Wohlbefinden";45;49;6
"1993";"03 StB Neustadt ohne Leipziger Vorstadt";"Gesundheitszustand";61;35;4
"1993";"03 StB Neustadt ohne Leipziger Vorstadt";"Wohlbefinden";43;52;5
"1993";"04 Leipziger Vorstadt, Pieschen";"Gesundheitszustand";48;47;6
"1993";"04 Leipziger Vorstadt, Pieschen";"Wohlbefinden";41;52;7
"1993";"05 Mickten, Kaditz, Trachau";"Gesundheitszustand";44;51;5
"1993";"05 Mickten, Kaditz, Trachau";"Wohlbefinden";43;51;6
"1993";"06 StB Klotzsche und nördliche OS";"Gesundheitszustand";55;43;1
"1993";"06 StB Klotzsche und nördliche OS";"Wohlbefinden";52;48;1
"1993";"07 StB Loschwitz und OS Schönfeld-Weißig";"Gesundheitszustand";51;48;2
"1993";"07 StB Loschwitz und OS Schönfeld-Weißig";"Wohlbefinden";51;44;5
"1993";"08 Blasewitz, Striesen";"Gesundheitszustand";54;41;5
"1993";"08 Blasewitz, Striesen";"Wohlbefinden";43;51;6
"1993";"09 Tolkewitz, Seidnitz, Gruna";"Gesundheitszustand";50;45;6
"1993";"09 Tolkewitz, Seidnitz, Gruna";"Wohlbefinden";52;45;4
"1993";"10 StB Leuben";"Gesundheitszustand";46;51;3
"1993";"10 StB Leuben";"Wohlbefinden";47;50;3
"1993";"11 Prohlis, Reick (mit Sternhäuser, Am Koitschgraben)";"Gesundheitszustand";52;41;7
"1993";"11 Prohlis, Reick (mit Sternhäuser, Am Koitschgraben)";"Wohlbefinden";42;51;7
"1993";"12 Niedersedlitz, Leubnitz, Strehlen (ohne Sternhäuser, Am Koitschgraben)";"Gesundheitszustand";47;47;6
"1993";"12 Niedersedlitz, Leubnitz, Strehlen (ohne Sternhäuser, Am Koitschgraben)";"Wohlbefinden";43;52;5
"1993";"13 Südvorstadt, Zschertnitz";"Gesundheitszustand";47;50;3
"1993";"13 Südvorstadt, Zschertnitz";"Wohlbefinden";46;51;4
"1993";"14 Mockritz, Coschütz, Plauen";"Gesundheitszustand";52;45;4
"1993";"14 Mockritz, Coschütz, Plauen";"Wohlbefinden";48;50;2
"1993";"15 Cotta, Löbtau, Naußlitz, Dölzschen";"Gesundheitszustand";51;45;5
"1993";"15 Cotta, Löbtau, Naußlitz, Dölzschen";"Wohlbefinden";46;50;4
"1993";"16 Gorbitz";"Gesundheitszustand";50;45;5
"1993";"16 Gorbitz";"Wohlbefinden";48;48;4
"1993";"17 Briesnitz und westliche OS";"Gesundheitszustand";40;54;7
"1993";"17 Briesnitz und westliche OS";"Wohlbefinden";36;57;7
"1993";"18 Dresden gesamt";"Gesundheitszustand";49;46;5
"1993";"18 Dresden gesamt";"Wohlbefinden";45;50;5
"1995";"01 StB Altstadt ohne Johannstadt";"Gesundheitszustand";48;43;9
"1995";"01 StB Altstadt ohne Johannstadt";"Wohlbefinden";43;50;6
"1995";"02 Johannstadt";"Gesundheitszustand";48;47;5
"1995";"02 Johannstadt";"Wohlbefinden";49;46;5
"1995";"03 StB Neustadt ohne Leipziger Vorstadt";"Gesundheitszustand";61;35;5
"1995";"03 StB Neustadt ohne Leipziger Vorstadt";"Wohlbefinden";47;49;4
"1995";"04 Leipziger Vorstadt, Pieschen";"Gesundheitszustand";49;46;5
"1995";"04 Leipziger Vorstadt, Pieschen";"Wohlbefinden";46;52;2
"1995";"05 Mickten, Kaditz, Trachau";"Gesundheitszustand";48;48;4
"1995";"05 Mickten, Kaditz, Trachau";"Wohlbefinden";48;50;2
"1995";"06 StB Klotzsche und nördliche OS";"Gesundheitszustand";55;40;5
"1995";"06 StB Klotzsche und nördliche OS";"Wohlbefinden";48;50;3
"1995";"07 StB Loschwitz und OS Schönfeld-Weißig";"Gesundheitszustand";52;40;8
"1995";"07 StB Loschwitz und OS Schönfeld-Weißig";"Wohlbefinden";53;43;4
"1995";"08 Blasewitz, Striesen";"Gesundheitszustand";55;37;8
"1995";"08 Blasewitz, Striesen";"Wohlbefinden";48;48;4
"1995";"09 Tolkewitz, Seidnitz, Gruna";"Gesundheitszustand";51;44;5
"1995";"09 Tolkewitz, Seidnitz, Gruna";"Wohlbefinden";47;48;5
"1995";"10 StB Leuben";"Gesundheitszustand";55;42;4
"1995";"10 StB Leuben";"Wohlbefinden";48;48;5
"1995";"11 Prohlis, Reick (mit Sternhäuser, Am Koitschgraben)";"Gesundheitszustand";60;35;5
"1995";"11 Prohlis, Reick (mit Sternhäuser, Am Koitschgraben)";"Wohlbefinden";52;45;3
"1995";"12 Niedersedlitz, Leubnitz, Strehlen (ohne Sternhäuser, Am Koitschgraben)";"Gesundheitszustand";59;39;3
"1995";"12 Niedersedlitz, Leubnitz, Strehlen (ohne Sternhäuser, Am Koitschgraben)";"Wohlbefinden";54;42;4
"1995";"13 Südvorstadt, Zschertnitz";"Gesundheitszustand";58;37;5
"1995";"13 Südvorstadt, Zschertnitz";"Wohlbefinden";55;41;4
"1995";"14 Mockritz, Coschütz, Plauen";"Gesundheitszustand";65;34;2
"1995";"14 Mockritz, Coschütz, Plauen";"Wohlbefinden";58;39;3
"1995";"15 Cotta, Löbtau, Naußlitz, Dölzschen";"Gesundheitszustand";51;43;7
"1995";"15 Cotta, Löbtau, Naußlitz, Dölzschen";"Wohlbefinden";47;48;5
"1995";"16 Gorbitz";"Gesundheitszustand";55;40;6
"1995";"16 Gorbitz";"Wohlbefinden";52;45;3
"1995";"17 Briesnitz und westliche OS";"Gesundheitszustand";51;43;6
"1995";"17 Briesnitz und westliche OS";"Wohlbefinden";40;56;5
"1995";"18 Dresden gesamt";"Gesundheitszustand";54;41;5
"1995";"18 Dresden gesamt";"Wohlbefinden";49;47;4
"1996";"01 StB Altstadt ohne Johannstadt";"Gesundheitszustand";49;43;8
"1996";"01 StB Altstadt ohne Johannstadt";"Wohlbefinden";48;47;4
"1996";"02 Johannstadt";"Gesundheitszustand";55;40;5
"1996";"02 Johannstadt";"Wohlbefinden";52;45;3
"1996";"03 StB Neustadt ohne Leipziger Vorstadt";"Gesundheitszustand";62;34;4
"1996";"03 StB Neustadt ohne Leipziger Vorstadt";"Wohlbefinden";48;45;7
"1996";"04 Leipziger Vorstadt, Pieschen";"Gesundheitszustand";59;34;7
"1996";"04 Leipziger Vorstadt, Pieschen";"Wohlbefinden";52;42;7
"1996";"05 Mickten, Kaditz, Trachau";"Gesundheitszustand";58;37;5
"1996";"05 Mickten, Kaditz, Trachau";"Wohlbefinden";54;43;3
"1996";"06 StB Klotzsche und nördliche OS";"Gesundheitszustand";63;33;4
"1996";"06 StB Klotzsche und nördliche OS";"Wohlbefinden";61;36;3
"1996";"07 StB Loschwitz und OS Schönfeld-Weißig";"Gesundheitszustand";58;36;6
"1996";"07 StB Loschwitz und OS Schönfeld-Weißig";"Wohlbefinden";58;35;7
"1996";"08 Blasewitz, Striesen";"Gesundheitszustand";60;38;2
"1996";"08 Blasewitz, Striesen";"Wohlbefinden";53;45;2
"1996";"09 Tolkewitz, Seidnitz, Gruna";"Gesundheitszustand";51;44;5
"1996";"09 Tolkewitz, Seidnitz, Gruna";"Wohlbefinden";47;47;6
"1996";"10 StB Leuben";"Gesundheitszustand";63;34;3
"1996";"10 StB Leuben";"Wohlbefinden";54;45;0
"1996";"11 Prohlis, Reick (mit Sternhäuser, Am Koitschgraben)";"Gesundheitszustand";52;43;6
"1996";"11 Prohlis, Reick (mit Sternhäuser, Am Koitschgraben)";"Wohlbefinden";45;48;7
"1996";"12 Niedersedlitz, Leubnitz, Strehlen (ohne Sternhäuser, Am Koitschgraben)";"Gesundheitszustand";57;39;5
"1996";"12 Niedersedlitz, Leubnitz, Strehlen (ohne Sternhäuser, Am Koitschgraben)";"Wohlbefinden";58;38;4
"1996";"13 Südvorstadt, Zschertnitz";"Gesundheitszustand";56;42;2
"1996";"13 Südvorstadt, Zschertnitz";"Wohlbefinden";48;47;5
"1996";"14 Mockritz, Coschütz, Plauen";"Gesundheitszustand";66;33;2
"1996";"14 Mockritz, Coschütz, Plauen";"Wohlbefinden";58;41;2
"1996";"15 Cotta, Löbtau, Naußlitz, Dölzschen";"Gesundheitszustand";58;37;6
"1996";"15 Cotta, Löbtau, Naußlitz, Dölzschen";"Wohlbefinden";50;44;7
"1996";"16 Gorbitz";"Gesundheitszustand";64;32;4
"1996";"16 Gorbitz";"Wohlbefinden";53;43;4
"1996";"17 Briesnitz und westliche OS";"Gesundheitszustand";68;31;1
"1996";"17 Briesnitz und westliche OS";"Wohlbefinden";58;40;2
"1996";"18 Dresden gesamt";"Gesundheitszustand";58;38;4
"1996";"18 Dresden gesamt";"Wohlbefinden";52;44;4
"2002";"01 StB Altstadt ohne Johannstadt";"Gesundheitszustand";42;47;10
"2002";"01 StB Altstadt ohne Johannstadt";"Wohlbefinden";48;45;6
"2002";"02 Johannstadt";"Gesundheitszustand";44;45;11
"2002";"02 Johannstadt";"Wohlbefinden";46;47;7
"2002";"03 StB Neustadt ohne Leipziger Vorstadt";"Gesundheitszustand";68;30;2
"2002";"03 StB Neustadt ohne Leipziger Vorstadt";"Wohlbefinden";60;36;4
"2002";"04 Leipziger Vorstadt, Pieschen";"Gesundheitszustand";64;32;5
"2002";"04 Leipziger Vorstadt, Pieschen";"Wohlbefinden";63;34;4
"2002";"05 Mickten, Kaditz, Trachau";"Gesundheitszustand";63;29;8
"2002";"05 Mickten, Kaditz, Trachau";"Wohlbefinden";60;36;4
"2002";"06 StB Klotzsche und nördliche OS";"Gesundheitszustand";60;39;2
"2002";"06 StB Klotzsche und nördliche OS";"Wohlbefinden";61;36;3
"2002";"07 StB Loschwitz und OS Schönfeld-Weißig";"Gesundheitszustand";63;32;6
"2002";"07 StB Loschwitz und OS Schönfeld-Weißig";"Wohlbefinden";65;33;2
"2002";"08 Blasewitz, Striesen";"Gesundheitszustand";58;38;5
"2002";"08 Blasewitz, Striesen";"Wohlbefinden";59;38;4
"2002";"09 Tolkewitz, Seidnitz, Gruna";"Gesundheitszustand";47;43;11
"2002";"09 Tolkewitz, Seidnitz, Gruna";"Wohlbefinden";47;47;6
"2002";"10 StB Leuben";"Gesundheitszustand";47;46;7
"2002";"10 StB Leuben";"Wohlbefinden";50;47;3
"2002";"11 Prohlis, Reick (mit Sternhäuser, Am Koitschgraben)";"Gesundheitszustand";41;48;11
"2002";"11 Prohlis, Reick (mit Sternhäuser, Am Koitschgraben)";"Wohlbefinden";43;46;12
"2002";"12 Niedersedlitz, Leubnitz, Strehlen (ohne Sternhäuser, Am Koitschgraben)";"Gesundheitszustand";51;44;5
"2002";"12 Niedersedlitz, Leubnitz, Strehlen (ohne Sternhäuser, Am Koitschgraben)";"Wohlbefinden";57;41;2
"2002";"13 Südvorstadt, Zschertnitz";"Gesundheitszustand";43;48;9
"2002";"13 Südvorstadt, Zschertnitz";"Wohlbefinden";51;46;3
"2002";"14 Mockritz, Coschütz, Plauen";"Gesundheitszustand";57;38;5
"2002";"14 Mockritz, Coschütz, Plauen";"Wohlbefinden";58;38;4
"2002";"15 Cotta, Löbtau, Naußlitz, Dölzschen";"Gesundheitszustand";58;35;7
"2002";"15 Cotta, Löbtau, Naußlitz, Dölzschen";"Wohlbefinden";57;40;3
"2002";"16 Gorbitz";"Gesundheitszustand";51;40;9
"2002";"16 Gorbitz";"Wohlbefinden";46;47;7
"2002";"17 Briesnitz und westliche OS";"Gesundheitszustand";65;30;5
"2002";"17 Briesnitz und westliche OS";"Wohlbefinden";61;34;5
"2002";"18 Dresden gesamt";"Gesundheitszustand";54;39;7
"2002";"18 Dresden gesamt";"Wohlbefinden";55;41;4
"2007";"01 StB Altstadt ohne Johannstadt";"Gesundheitszustand";53;42;6
"2007";"01 StB Altstadt ohne Johannstadt";"Wohlbefinden";50;46;4
"2007";"02 Johannstadt";"Gesundheitszustand";46;48;7
"2007";"02 Johannstadt";"Wohlbefinden";46;50;4
"2007";"03 StB Neustadt ohne Leipziger Vorstadt";"Gesundheitszustand";71;25;4
"2007";"03 StB Neustadt ohne Leipziger Vorstadt";"Wohlbefinden";61;37;3
"2007";"04 Leipziger Vorstadt, Pieschen";"Gesundheitszustand";62;30;8
"2007";"04 Leipziger Vorstadt, Pieschen";"Wohlbefinden";53;41;6
"2007";"05 Mickten, Kaditz, Trachau";"Gesundheitszustand";54;39;8
"2007";"05 Mickten, Kaditz, Trachau";"Wohlbefinden";51;45;4
"2007";"06 StB Klotzsche und nördliche OS";"Gesundheitszustand";56;40;5
"2007";"06 StB Klotzsche und nördliche OS";"Wohlbefinden";60;38;3
"2007";"07 StB Loschwitz und OS Schönfeld-Weißig";"Gesundheitszustand";57;39;4
"2007";"07 StB Loschwitz und OS Schönfeld-Weißig";"Wohlbefinden";59;38;4
"2007";"08 Blasewitz, Striesen";"Gesundheitszustand";62;33;6
"2007";"08 Blasewitz, Striesen";"Wohlbefinden";59;38;2
"2007";"09 Tolkewitz, Seidnitz, Gruna";"Gesundheitszustand";48;46;6
"2007";"09 Tolkewitz, Seidnitz, Gruna";"Wohlbefinden";53;43;4
"2007";"10 StB Leuben";"Gesundheitszustand";50;46;4
"2007";"10 StB Leuben";"Wohlbefinden";54;43;3
"2007";"11 Prohlis, Reick (mit Sternhäuser, Am Koitschgraben)";"Gesundheitszustand";42;45;14
"2007";"11 Prohlis, Reick (mit Sternhäuser, Am Koitschgraben)";"Wohlbefinden";46;46;8
"2007";"12 Niedersedlitz, Leubnitz, Strehlen (ohne Sternhäuser, Am Koitschgraben)";"Gesundheitszustand";62;32;6
"2007";"12 Niedersedlitz, Leubnitz, Strehlen (ohne Sternhäuser, Am Koitschgraben)";"Wohlbefinden";58;40;2
"2007";"13 Südvorstadt, Zschertnitz";"Gesundheitszustand";58;37;5
"2007";"13 Südvorstadt, Zschertnitz";"Wohlbefinden";54;43;3
"2007";"14 Mockritz, Coschütz, Plauen";"Gesundheitszustand";63;33;4
"2007";"14 Mockritz, Coschütz, Plauen";"Wohlbefinden";61;37;2
"2007";"15 Cotta, Löbtau, Naußlitz, Dölzschen";"Gesundheitszustand";67;26;7
"2007";"15 Cotta, Löbtau, Naußlitz, Dölzschen";"Wohlbefinden";64;33;4
"2007";"16 Gorbitz";"Gesundheitszustand";52;43;5
"2007";"16 Gorbitz";"Wohlbefinden";50;48;2
"2007";"17 Briesnitz und westliche OS";"Gesundheitszustand";54;42;4
"2007";"17 Briesnitz und westliche OS";"Wohlbefinden";58;39;3
"2007";"18 Dresden gesamt";"Gesundheitszustand";57;37;6
"2007";"18 Dresden gesamt";"Wohlbefinden";56;41;4
"2010";"01 StB Altstadt ohne Johannstadt";"Gesundheitszustand";56;37;7
"2010";"01 StB Altstadt ohne Johannstadt";"Wohlbefinden";57;40;4
"2010";"02 Johannstadt";"Gesundheitszustand";55;36;9
"2010";"02 Johannstadt";"Wohlbefinden";57;39;4
"2010";"03 StB Neustadt ohne Leipziger Vorstadt";"Gesundheitszustand";68;30;2
"2010";"03 StB Neustadt ohne Leipziger Vorstadt";"Wohlbefinden";63;33;4
"2010";"04 Leipziger Vorstadt, Pieschen";"Gesundheitszustand";64;32;4
"2010";"04 Leipziger Vorstadt, Pieschen";"Wohlbefinden";59;37;4
"2010";"05 Mickten, Kaditz, Trachau";"Gesundheitszustand";60;35;5
"2010";"05 Mickten, Kaditz, Trachau";"Wohlbefinden";56;40;3
"2010";"06 StB Klotzsche und nördliche OS";"Gesundheitszustand";61;37;2
"2010";"06 StB Klotzsche und nördliche OS";"Wohlbefinden";63;36;1
"2010";"07 StB Loschwitz und OS Schönfeld-Weißig";"Gesundheitszustand";61;38;1
"2010";"07 StB Loschwitz und OS Schönfeld-Weißig";"Wohlbefinden";68;30;2
"2010";"08 Blasewitz, Striesen";"Gesundheitszustand";63;30;7
"2010";"08 Blasewitz, Striesen";"Wohlbefinden";62;33;5
"2010";"09 Tolkewitz, Seidnitz, Gruna";"Gesundheitszustand";48;47;5
"2010";"09 Tolkewitz, Seidnitz, Gruna";"Wohlbefinden";55;42;3
"2010";"10 StB Leuben";"Gesundheitszustand";53;39;8
"2010";"10 StB Leuben";"Wohlbefinden";61;32;7
"2010";"11 Prohlis, Reick (mit Sternhäuser, Am Koitschgraben)";"Gesundheitszustand";32;59;9
"2010";"11 Prohlis, Reick (mit Sternhäuser, Am Koitschgraben)";"Wohlbefinden";34;56;10
"2010";"12 Niedersedlitz, Leubnitz, Strehlen (ohne Sternhäuser, Am Koitschgraben)";"Gesundheitszustand";55;38;8
"2010";"12 Niedersedlitz, Leubnitz, Strehlen (ohne Sternhäuser, Am Koitschgraben)";"Wohlbefinden";65;27;8
"2010";"13 Südvorstadt, Zschertnitz";"Gesundheitszustand";62;36;2
"2010";"13 Südvorstadt, Zschertnitz";"Wohlbefinden";61;37;3
"2010";"14 Mockritz, Coschütz, Plauen";"Gesundheitszustand";69;27;4
"2010";"14 Mockritz, Coschütz, Plauen";"Wohlbefinden";78;22;0
"2010";"15 Cotta, Löbtau, Naußlitz, Dölzschen";"Gesundheitszustand";66;28;6
"2010";"15 Cotta, Löbtau, Naußlitz, Dölzschen";"Wohlbefinden";68;29;3
"2010";"16 Gorbitz";"Gesundheitszustand";44;43;13
"2010";"16 Gorbitz";"Wohlbefinden";41;50;9
"2010";"17 Briesnitz und westliche OS";"Gesundheitszustand";63;31;6
"2010";"17 Briesnitz und westliche OS";"Wohlbefinden";66;31;3
"2010";"18 Dresden gesamt";"Gesundheitszustand";59;36;6
"2010";"18 Dresden gesamt";"Wohlbefinden";60;36;4
"2012";"01 StB Altstadt ohne Johannstadt";"Gesundheitszustand";54;42;4
"2012";"01 StB Altstadt ohne Johannstadt";"Wohlbefinden";48;52;0
"2012";"02 Johannstadt";"Gesundheitszustand";42;48;11
"2012";"02 Johannstadt";"Wohlbefinden";45;48;7
"2012";"03 StB Neustadt ohne Leipziger Vorstadt";"Gesundheitszustand";67;29;3
"2012";"03 StB Neustadt ohne Leipziger Vorstadt";"Wohlbefinden";61;35;5
"2012";"04 Leipziger Vorstadt, Pieschen";"Gesundheitszustand";63;33;4
"2012";"04 Leipziger Vorstadt, Pieschen";"Wohlbefinden";61;38;1
"2012";"05 Mickten, Kaditz, Trachau";"Gesundheitszustand";55;41;4
"2012";"05 Mickten, Kaditz, Trachau";"Wohlbefinden";55;40;5
"2012";"06 StB Klotzsche und nördliche OS";"Gesundheitszustand";50;41;9
"2012";"06 StB Klotzsche und nördliche OS";"Wohlbefinden";50;47;3
"2012";"07 StB Loschwitz und OS Schönfeld-Weißig";"Gesundheitszustand";49;44;8
"2012";"07 StB Loschwitz und OS Schönfeld-Weißig";"Wohlbefinden";54;40;6
"2012";"08 Blasewitz, Striesen";"Gesundheitszustand";55;38;7
"2012";"08 Blasewitz, Striesen";"Wohlbefinden";54;40;6
"2012";"09 Tolkewitz, Seidnitz, Gruna";"Gesundheitszustand";45;49;6
"2012";"09 Tolkewitz, Seidnitz, Gruna";"Wohlbefinden";48;49;3
"2012";"10 StB Leuben";"Gesundheitszustand";50;41;10
"2012";"10 StB Leuben";"Wohlbefinden";52;44;4
"2012";"11 Prohlis, Reick (mit Sternhäuser, Am Koitschgraben)";"Gesundheitszustand";41;50;9
"2012";"11 Prohlis, Reick (mit Sternhäuser, Am Koitschgraben)";"Wohlbefinden";42;52;7
"2012";"12 Niedersedlitz, Leubnitz, Strehlen (ohne Sternhäuser, Am Koitschgraben)";"Gesundheitszustand";49;45;5
"2012";"12 Niedersedlitz, Leubnitz, Strehlen (ohne Sternhäuser, Am Koitschgraben)";"Wohlbefinden";49;48;3
"2012";"13 Südvorstadt, Zschertnitz";"Gesundheitszustand";51;43;7
"2012";"13 Südvorstadt, Zschertnitz";"Wohlbefinden";53;44;3
"2012";"14 Mockritz, Coschütz, Plauen";"Gesundheitszustand";49;47;4
"2012";"14 Mockritz, Coschütz, Plauen";"Wohlbefinden";61;37;2
"2012";"15 Cotta, Löbtau, Naußlitz, Dölzschen";"Gesundheitszustand";62;32;5
"2012";"15 Cotta, Löbtau, Naußlitz, Dölzschen";"Wohlbefinden";50;44;6
"2012";"16 Gorbitz";"Gesundheitszustand";43;47;11
"2012";"16 Gorbitz";"Wohlbefinden";39;57;4
"2012";"17 Briesnitz und westliche OS";"Gesundheitszustand";53;40;7
"2012";"17 Briesnitz und westliche OS";"Wohlbefinden";54;42;3
"2012";"18 Dresden gesamt";"Gesundheitszustand";53;41;7
"2012";"18 Dresden gesamt";"Wohlbefinden";52;44;4
"2014";"01 StB Altstadt ohne Johannstadt";"Gesundheitszustand";47;45;8
"2014";"01 StB Altstadt ohne Johannstadt";"Wohlbefinden";54;45;2
"2014";"02 Johannstadt";"Gesundheitszustand";47;40;13
"2014";"02 Johannstadt";"Wohlbefinden";54;42;4
"2014";"03 StB Neustadt ohne Leipziger Vorstadt";"Gesundheitszustand";73;22;5
"2014";"03 StB Neustadt ohne Leipziger Vorstadt";"Wohlbefinden";67;29;4
"2014";"04 Leipziger Vorstadt, Pieschen";"Gesundheitszustand";64;32;4
"2014";"04 Leipziger Vorstadt, Pieschen";"Wohlbefinden";59;40;1
"2014";"05 Mickten, Kaditz, Trachau";"Gesundheitszustand";52;42;7
"2014";"05 Mickten, Kaditz, Trachau";"Wohlbefinden";53;42;5
"2014";"06 StB Klotzsche und nördliche OS";"Gesundheitszustand";58;33;8
"2014";"06 StB Klotzsche und nördliche OS";"Wohlbefinden";64;32;4
"2014";"07 StB Loschwitz und OS Schönfeld-Weißig";"Gesundheitszustand";58;37;5
"2014";"07 StB Loschwitz und OS Schönfeld-Weißig";"Wohlbefinden";70;27;3
"2014";"08 Blasewitz, Striesen";"Gesundheitszustand";64;30;6
"2014";"08 Blasewitz, Striesen";"Wohlbefinden";59;40;1
"2014";"09 Tolkewitz, Seidnitz, Gruna";"Gesundheitszustand";52;43;5
"2014";"09 Tolkewitz, Seidnitz, Gruna";"Wohlbefinden";50;48;3
"2014";"10 StB Leuben";"Gesundheitszustand";45;48;8
"2014";"10 StB Leuben";"Wohlbefinden";58;39;3
"2014";"11 Prohlis, Reick (mit Sternhäuser, Am Koitschgraben)";"Gesundheitszustand";30;56;13
"2014";"11 Prohlis, Reick (mit Sternhäuser, Am Koitschgraben)";"Wohlbefinden";40;52;8
"2014";"12 Niedersedlitz, Leubnitz, Strehlen (ohne Sternhäuser, Am Koitschgraben)";"Gesundheitszustand";48;45;7
"2014";"12 Niedersedlitz, Leubnitz, Strehlen (ohne Sternhäuser, Am Koitschgraben)";"Wohlbefinden";55;41;4
"2014";"13 Südvorstadt, Zschertnitz";"Gesundheitszustand";53;41;6
"2014";"13 Südvorstadt, Zschertnitz";"Wohlbefinden";46;53;1
"2014";"14 Mockritz, Coschütz, Plauen";"Gesundheitszustand";62;35;4
"2014";"14 Mockritz, Coschütz, Plauen";"Wohlbefinden";66;31;3
"2014";"15 Cotta, Löbtau, Naußlitz, Dölzschen";"Gesundheitszustand";64;35;1
"2014";"15 Cotta, Löbtau, Naußlitz, Dölzschen";"Wohlbefinden";54;45;2
"2014";"16 Gorbitz";"Gesundheitszustand";39;51;10
"2014";"16 Gorbitz";"Wohlbefinden";43;52;5
"2014";"17 Briesnitz und westliche OS";"Gesundheitszustand";58;38;5
"2014";"17 Briesnitz und westliche OS";"Wohlbefinden";58;41;1
"2014";"18 Dresden gesamt";"Gesundheitszustand";55;39;6
"2014";"18 Dresden gesamt";"Wohlbefinden";56;41;3
"2016";"01 StB Altstadt ohne Johannstadt";"Gesundheitszustand";57;37;6
"2016";"01 StB Altstadt ohne Johannstadt";"Wohlbefinden";53;40;7
"2016";"02 Johannstadt";"Gesundheitszustand";65;24;11
"2016";"02 Johannstadt";"Wohlbefinden";63;33;4
"2016";"03 StB Neustadt ohne Leipziger Vorstadt";"Gesundheitszustand";76;22;2
"2016";"03 StB Neustadt ohne Leipziger Vorstadt";"Wohlbefinden";72;25;3
"2016";"04 Leipziger Vorstadt, Pieschen";"Gesundheitszustand";78;21;2
"2016";"04 Leipziger Vorstadt, Pieschen";"Wohlbefinden";76;22;2
"2016";"05 Mickten, Kaditz, Trachau";"Gesundheitszustand";63;25;12
"2016";"05 Mickten, Kaditz, Trachau";"Wohlbefinden";60;34;6
"2016";"06 StB Klotzsche und nördliche OS";"Gesundheitszustand";74;24;2
"2016";"06 StB Klotzsche und nördliche OS";"Wohlbefinden";74;25;1
"2016";"07 StB Loschwitz und OS Schönfeld-Weißig";"Gesundheitszustand";72;26;2
"2016";"07 StB Loschwitz und OS Schönfeld-Weißig";"Wohlbefinden";71;28;2
"2016";"08 Blasewitz, Striesen";"Gesundheitszustand";73;25;2
"2016";"08 Blasewitz, Striesen";"Wohlbefinden";71;28;1
"2016";"09 Tolkewitz, Seidnitz, Gruna";"Gesundheitszustand";60;34;6
"2016";"09 Tolkewitz, Seidnitz, Gruna";"Wohlbefinden";63;35;2
"2016";"10 StB Leuben";"Gesundheitszustand";61;32;8
"2016";"10 StB Leuben";"Wohlbefinden";62;36;2
"2016";"11 Prohlis, Reick (mit Sternhäuser, Am Koitschgraben)";"Gesundheitszustand";43;55;2
"2016";"11 Prohlis, Reick (mit Sternhäuser, Am Koitschgraben)";"Wohlbefinden";50;48;2
"2016";"12 Niedersedlitz, Leubnitz, Strehlen (ohne Sternhäuser, Am Koitschgraben)";"Gesundheitszustand";64;32;4
"2016";"12 Niedersedlitz, Leubnitz, Strehlen (ohne Sternhäuser, Am Koitschgraben)";"Wohlbefinden";66;34;1
"2016";"13 Südvorstadt, Zschertnitz";"Gesundheitszustand";65;33;2
"2016";"13 Südvorstadt, Zschertnitz";"Wohlbefinden";64;35;1
"2016";"14 Mockritz, Coschütz, Plauen";"Gesundheitszustand";67;27;6
"2016";"14 Mockritz, Coschütz, Plauen";"Wohlbefinden";70;29;1
"2016";"15 Cotta, Löbtau, Naußlitz, Dölzschen";"Gesundheitszustand";80;18;2
"2016";"15 Cotta, Löbtau, Naußlitz, Dölzschen";"Wohlbefinden";72;24;4
"2016";"16 Gorbitz";"Gesundheitszustand";46;48;6
"2016";"16 Gorbitz";"Wohlbefinden";48;46;6
"2016";"17 Briesnitz und westliche OS";"Gesundheitszustand";69;27;4
"2016";"17 Briesnitz und westliche OS";"Wohlbefinden";70;29;1
"2016";"18 Dresden gesamt";"Gesundheitszustand";67;29;4
"2016";"18 Dresden gesamt";"Wohlbefinden";66;31;2
"2018";"01 StB Altstadt ohne Johannstadt";"Wohlbefinden";55;40;6
"2018";"02 Johannstadt";"Wohlbefinden";51;43;6
"2018";"03 StB Neustadt ohne Leipziger Vorstadt";"Wohlbefinden";78;21;1
"2018";"04 Leipziger Vorstadt, Pieschen";"Wohlbefinden";71;28;2
"2018";"05 Mickten, Kaditz, Trachau";"Wohlbefinden";71;30;0
"2018";"06 StB Klotzsche und nördliche OS";"Wohlbefinden";71;25;4
"2018";"07 StB Loschwitz und OS Schönfeld-Weißig";"Wohlbefinden";81;19;0
"2018";"08 Blasewitz, Striesen";"Wohlbefinden";70;29;2
"2018";"09 Tolkewitz, Seidnitz, Gruna";"Wohlbefinden";60;37;3
"2018";"10 StB Leuben";"Wohlbefinden";61;38;1
"2018";"11 Prohlis, Reick (mit Sternhäuser, Am Koitschgraben)";"Wohlbefinden";51;43;6
"2018";"12 Niedersedlitz, Leubnitz, Strehlen (ohne Sternhäuser, Am Koitschgraben)";"Wohlbefinden";69;30;2
"2018";"13 Südvorstadt, Zschertnitz";"Wohlbefinden";61;36;3
"2018";"14 Mockritz, Coschütz, Plauen";"Wohlbefinden";75;23;2
"2018";"15 Cotta, Löbtau, Naußlitz, Dölzschen";"Wohlbefinden";70;27;4
"2018";"16 Gorbitz";"Wohlbefinden";53;44;3
"2018";"17 Briesnitz und westliche OS";"Wohlbefinden";75;23;3
"2018";"18 Dresden gesamt";"Wohlbefinden";67;31;3
