"Jahr";"Stadtraum";"Heizungsart";"Anteil in %"
"1993";"01 StB Altstadt ohne Johannstadt";"Fernheizung";79
"1993";"01 StB Altstadt ohne Johannstadt";"Zentralheizung oder Etagenheizung";0
"1993";"01 StB Altstadt ohne Johannstadt";"Einzelraumheizung";21
"1993";"02 Johannstadt";"Fernheizung";69
"1993";"02 Johannstadt";"Zentralheizung oder Etagenheizung";2
"1993";"02 Johannstadt";"Einzelraumheizung";29
"1993";"03 StB Neustadt ohne Leipziger Vorstadt";"Fernheizung";24
"1993";"03 StB Neustadt ohne Leipziger Vorstadt";"Zentralheizung oder Etagenheizung";10
"1993";"03 StB Neustadt ohne Leipziger Vorstadt";"Einzelraumheizung";67
"1993";"04 Leipziger Vorstadt, Pieschen";"Fernheizung";1
"1993";"04 Leipziger Vorstadt, Pieschen";"Zentralheizung oder Etagenheizung";16
"1993";"04 Leipziger Vorstadt, Pieschen";"Einzelraumheizung";83
"1993";"05 Mickten, Kaditz, Trachau";"Fernheizung";16
"1993";"05 Mickten, Kaditz, Trachau";"Zentralheizung oder Etagenheizung";15
"1993";"05 Mickten, Kaditz, Trachau";"Einzelraumheizung";69
"1993";"06 StB Klotzsche und nördliche OS";"Fernheizung";18
"1993";"06 StB Klotzsche und nördliche OS";"Zentralheizung oder Etagenheizung";40
"1993";"06 StB Klotzsche und nördliche OS";"Einzelraumheizung";42
"1993";"07 StB Loschwitz und OS Schönfeld-Weißig";"Fernheizung";1
"1993";"07 StB Loschwitz und OS Schönfeld-Weißig";"Zentralheizung oder Etagenheizung";45
"1993";"07 StB Loschwitz und OS Schönfeld-Weißig";"Einzelraumheizung";54
"1993";"08 Blasewitz, Striesen";"Fernheizung";17
"1993";"08 Blasewitz, Striesen";"Zentralheizung oder Etagenheizung";12
"1993";"08 Blasewitz, Striesen";"Einzelraumheizung";72
"1993";"09 Tolkewitz, Seidnitz, Gruna";"Fernheizung";48
"1993";"09 Tolkewitz, Seidnitz, Gruna";"Zentralheizung oder Etagenheizung";7
"1993";"09 Tolkewitz, Seidnitz, Gruna";"Einzelraumheizung";45
"1993";"10 StB Leuben";"Fernheizung";40
"1993";"10 StB Leuben";"Zentralheizung oder Etagenheizung";16
"1993";"10 StB Leuben";"Einzelraumheizung";45
"1993";"11 Prohlis, Reick (mit Sternhäuser, Am Koitschgraben)";"Fernheizung";86
"1993";"11 Prohlis, Reick (mit Sternhäuser, Am Koitschgraben)";"Zentralheizung oder Etagenheizung";5
"1993";"11 Prohlis, Reick (mit Sternhäuser, Am Koitschgraben)";"Einzelraumheizung";9
"1993";"12 Niedersedlitz, Leubnitz, Strehlen (ohne Sternhäuser, Am Koitschgraben)";"Fernheizung";20
"1993";"12 Niedersedlitz, Leubnitz, Strehlen (ohne Sternhäuser, Am Koitschgraben)";"Zentralheizung oder Etagenheizung";34
"1993";"12 Niedersedlitz, Leubnitz, Strehlen (ohne Sternhäuser, Am Koitschgraben)";"Einzelraumheizung";46
"1993";"13 Südvorstadt, Zschertnitz";"Fernheizung";57
"1993";"13 Südvorstadt, Zschertnitz";"Zentralheizung oder Etagenheizung";13
"1993";"13 Südvorstadt, Zschertnitz";"Einzelraumheizung";31
"1993";"14 Mockritz, Coschütz, Plauen";"Fernheizung";28
"1993";"14 Mockritz, Coschütz, Plauen";"Zentralheizung oder Etagenheizung";24
"1993";"14 Mockritz, Coschütz, Plauen";"Einzelraumheizung";48
"1993";"15 Cotta, Löbtau, Naußlitz, Dölzschen";"Fernheizung";2
"1993";"15 Cotta, Löbtau, Naußlitz, Dölzschen";"Zentralheizung oder Etagenheizung";15
"1993";"15 Cotta, Löbtau, Naußlitz, Dölzschen";"Einzelraumheizung";84
"1993";"16 Gorbitz";"Fernheizung";97
"1993";"16 Gorbitz";"Zentralheizung oder Etagenheizung";2
"1993";"16 Gorbitz";"Einzelraumheizung";1
"1993";"17 Briesnitz und westliche OS";"Fernheizung";2
"1993";"17 Briesnitz und westliche OS";"Zentralheizung oder Etagenheizung";39
"1993";"17 Briesnitz und westliche OS";"Einzelraumheizung";60
"1993";"18 Dresden gesamt";"Fernheizung";41
"1993";"18 Dresden gesamt";"Zentralheizung oder Etagenheizung";14
"1993";"18 Dresden gesamt";"Einzelraumheizung";46
"1995";"01 StB Altstadt ohne Johannstadt";"Fernheizung";81
"1995";"01 StB Altstadt ohne Johannstadt";"Zentralheizung oder Etagenheizung";8
"1995";"01 StB Altstadt ohne Johannstadt";"Einzelraumheizung";12
"1995";"02 Johannstadt";"Fernheizung";73
"1995";"02 Johannstadt";"Zentralheizung oder Etagenheizung";4
"1995";"02 Johannstadt";"Einzelraumheizung";23
"1995";"03 StB Neustadt ohne Leipziger Vorstadt";"Fernheizung";33
"1995";"03 StB Neustadt ohne Leipziger Vorstadt";"Zentralheizung oder Etagenheizung";18
"1995";"03 StB Neustadt ohne Leipziger Vorstadt";"Einzelraumheizung";49
"1995";"04 Leipziger Vorstadt, Pieschen";"Fernheizung";4
"1995";"04 Leipziger Vorstadt, Pieschen";"Zentralheizung oder Etagenheizung";10
"1995";"04 Leipziger Vorstadt, Pieschen";"Einzelraumheizung";87
"1995";"05 Mickten, Kaditz, Trachau";"Fernheizung";22
"1995";"05 Mickten, Kaditz, Trachau";"Zentralheizung oder Etagenheizung";24
"1995";"05 Mickten, Kaditz, Trachau";"Einzelraumheizung";54
"1995";"06 StB Klotzsche und nördliche OS";"Fernheizung";29
"1995";"06 StB Klotzsche und nördliche OS";"Zentralheizung oder Etagenheizung";35
"1995";"06 StB Klotzsche und nördliche OS";"Einzelraumheizung";36
"1995";"07 StB Loschwitz und OS Schönfeld-Weißig";"Fernheizung";2
"1995";"07 StB Loschwitz und OS Schönfeld-Weißig";"Zentralheizung oder Etagenheizung";66
"1995";"07 StB Loschwitz und OS Schönfeld-Weißig";"Einzelraumheizung";32
"1995";"08 Blasewitz, Striesen";"Fernheizung";23
"1995";"08 Blasewitz, Striesen";"Zentralheizung oder Etagenheizung";21
"1995";"08 Blasewitz, Striesen";"Einzelraumheizung";56
"1995";"09 Tolkewitz, Seidnitz, Gruna";"Fernheizung";52
"1995";"09 Tolkewitz, Seidnitz, Gruna";"Zentralheizung oder Etagenheizung";10
"1995";"09 Tolkewitz, Seidnitz, Gruna";"Einzelraumheizung";38
"1995";"10 StB Leuben";"Fernheizung";42
"1995";"10 StB Leuben";"Zentralheizung oder Etagenheizung";25
"1995";"10 StB Leuben";"Einzelraumheizung";34
"1995";"11 Prohlis, Reick (mit Sternhäuser, Am Koitschgraben)";"Fernheizung";83
"1995";"11 Prohlis, Reick (mit Sternhäuser, Am Koitschgraben)";"Zentralheizung oder Etagenheizung";10
"1995";"11 Prohlis, Reick (mit Sternhäuser, Am Koitschgraben)";"Einzelraumheizung";8
"1995";"12 Niedersedlitz, Leubnitz, Strehlen (ohne Sternhäuser, Am Koitschgraben)";"Fernheizung";23
"1995";"12 Niedersedlitz, Leubnitz, Strehlen (ohne Sternhäuser, Am Koitschgraben)";"Zentralheizung oder Etagenheizung";48
"1995";"12 Niedersedlitz, Leubnitz, Strehlen (ohne Sternhäuser, Am Koitschgraben)";"Einzelraumheizung";30
"1995";"13 Südvorstadt, Zschertnitz";"Fernheizung";65
"1995";"13 Südvorstadt, Zschertnitz";"Zentralheizung oder Etagenheizung";13
"1995";"13 Südvorstadt, Zschertnitz";"Einzelraumheizung";22
"1995";"14 Mockritz, Coschütz, Plauen";"Fernheizung";25
"1995";"14 Mockritz, Coschütz, Plauen";"Zentralheizung oder Etagenheizung";42
"1995";"14 Mockritz, Coschütz, Plauen";"Einzelraumheizung";33
"1995";"15 Cotta, Löbtau, Naußlitz, Dölzschen";"Fernheizung";7
"1995";"15 Cotta, Löbtau, Naußlitz, Dölzschen";"Zentralheizung oder Etagenheizung";26
"1995";"15 Cotta, Löbtau, Naußlitz, Dölzschen";"Einzelraumheizung";67
"1995";"16 Gorbitz";"Fernheizung";96
"1995";"16 Gorbitz";"Zentralheizung oder Etagenheizung";3
"1995";"16 Gorbitz";"Einzelraumheizung";0
"1995";"17 Briesnitz und westliche OS";"Fernheizung";4
"1995";"17 Briesnitz und westliche OS";"Zentralheizung oder Etagenheizung";51
"1995";"17 Briesnitz und westliche OS";"Einzelraumheizung";45
"1995";"18 Dresden gesamt";"Fernheizung";43
"1995";"18 Dresden gesamt";"Zentralheizung oder Etagenheizung";20
"1995";"18 Dresden gesamt";"Einzelraumheizung";36
"1996";"01 StB Altstadt ohne Johannstadt";"Fernheizung";93
"1996";"01 StB Altstadt ohne Johannstadt";"Zentralheizung oder Etagenheizung";2
"1996";"01 StB Altstadt ohne Johannstadt";"Einzelraumheizung";4
"1996";"02 Johannstadt";"Fernheizung";84
"1996";"02 Johannstadt";"Zentralheizung oder Etagenheizung";6
"1996";"02 Johannstadt";"Einzelraumheizung";10
"1996";"03 StB Neustadt ohne Leipziger Vorstadt";"Fernheizung";41
"1996";"03 StB Neustadt ohne Leipziger Vorstadt";"Zentralheizung oder Etagenheizung";20
"1996";"03 StB Neustadt ohne Leipziger Vorstadt";"Einzelraumheizung";39
"1996";"04 Leipziger Vorstadt, Pieschen";"Fernheizung";8
"1996";"04 Leipziger Vorstadt, Pieschen";"Zentralheizung oder Etagenheizung";35
"1996";"04 Leipziger Vorstadt, Pieschen";"Einzelraumheizung";57
"1996";"05 Mickten, Kaditz, Trachau";"Fernheizung";21
"1996";"05 Mickten, Kaditz, Trachau";"Zentralheizung oder Etagenheizung";39
"1996";"05 Mickten, Kaditz, Trachau";"Einzelraumheizung";40
"1996";"06 StB Klotzsche und nördliche OS";"Fernheizung";38
"1996";"06 StB Klotzsche und nördliche OS";"Zentralheizung oder Etagenheizung";51
"1996";"06 StB Klotzsche und nördliche OS";"Einzelraumheizung";12
"1996";"07 StB Loschwitz und OS Schönfeld-Weißig";"Fernheizung";3
"1996";"07 StB Loschwitz und OS Schönfeld-Weißig";"Zentralheizung oder Etagenheizung";64
"1996";"07 StB Loschwitz und OS Schönfeld-Weißig";"Einzelraumheizung";34
"1996";"08 Blasewitz, Striesen";"Fernheizung";39
"1996";"08 Blasewitz, Striesen";"Zentralheizung oder Etagenheizung";27
"1996";"08 Blasewitz, Striesen";"Einzelraumheizung";34
"1996";"09 Tolkewitz, Seidnitz, Gruna";"Fernheizung";59
"1996";"09 Tolkewitz, Seidnitz, Gruna";"Zentralheizung oder Etagenheizung";16
"1996";"09 Tolkewitz, Seidnitz, Gruna";"Einzelraumheizung";25
"1996";"10 StB Leuben";"Fernheizung";43
"1996";"10 StB Leuben";"Zentralheizung oder Etagenheizung";35
"1996";"10 StB Leuben";"Einzelraumheizung";23
"1996";"11 Prohlis, Reick (mit Sternhäuser, Am Koitschgraben)";"Fernheizung";84
"1996";"11 Prohlis, Reick (mit Sternhäuser, Am Koitschgraben)";"Zentralheizung oder Etagenheizung";11
"1996";"11 Prohlis, Reick (mit Sternhäuser, Am Koitschgraben)";"Einzelraumheizung";4
"1996";"12 Niedersedlitz, Leubnitz, Strehlen (ohne Sternhäuser, Am Koitschgraben)";"Fernheizung";16
"1996";"12 Niedersedlitz, Leubnitz, Strehlen (ohne Sternhäuser, Am Koitschgraben)";"Zentralheizung oder Etagenheizung";64
"1996";"12 Niedersedlitz, Leubnitz, Strehlen (ohne Sternhäuser, Am Koitschgraben)";"Einzelraumheizung";19
"1996";"13 Südvorstadt, Zschertnitz";"Fernheizung";61
"1996";"13 Südvorstadt, Zschertnitz";"Zentralheizung oder Etagenheizung";23
"1996";"13 Südvorstadt, Zschertnitz";"Einzelraumheizung";16
"1996";"14 Mockritz, Coschütz, Plauen";"Fernheizung";34
"1996";"14 Mockritz, Coschütz, Plauen";"Zentralheizung oder Etagenheizung";49
"1996";"14 Mockritz, Coschütz, Plauen";"Einzelraumheizung";17
"1996";"15 Cotta, Löbtau, Naußlitz, Dölzschen";"Fernheizung";10
"1996";"15 Cotta, Löbtau, Naußlitz, Dölzschen";"Zentralheizung oder Etagenheizung";46
"1996";"15 Cotta, Löbtau, Naußlitz, Dölzschen";"Einzelraumheizung";43
"1996";"16 Gorbitz";"Fernheizung";94
"1996";"16 Gorbitz";"Zentralheizung oder Etagenheizung";6
"1996";"16 Gorbitz";"Einzelraumheizung";0
"1996";"17 Briesnitz und westliche OS";"Fernheizung";9
"1996";"17 Briesnitz und westliche OS";"Zentralheizung oder Etagenheizung";56
"1996";"17 Briesnitz und westliche OS";"Einzelraumheizung";35
"1996";"18 Dresden gesamt";"Fernheizung";48
"1996";"18 Dresden gesamt";"Zentralheizung oder Etagenheizung";29
"1996";"18 Dresden gesamt";"Einzelraumheizung";23
"1998";"01 StB Altstadt ohne Johannstadt";"Fernheizung";90
"1998";"01 StB Altstadt ohne Johannstadt";"Zentralheizung oder Etagenheizung";8
"1998";"01 StB Altstadt ohne Johannstadt";"Einzelraumheizung";2
"1998";"02 Johannstadt";"Fernheizung";93
"1998";"02 Johannstadt";"Zentralheizung oder Etagenheizung";4
"1998";"02 Johannstadt";"Einzelraumheizung";4
"1998";"03 StB Neustadt ohne Leipziger Vorstadt";"Fernheizung";59
"1998";"03 StB Neustadt ohne Leipziger Vorstadt";"Zentralheizung oder Etagenheizung";32
"1998";"03 StB Neustadt ohne Leipziger Vorstadt";"Einzelraumheizung";9
"1998";"04 Leipziger Vorstadt, Pieschen";"Fernheizung";13
"1998";"04 Leipziger Vorstadt, Pieschen";"Zentralheizung oder Etagenheizung";54
"1998";"04 Leipziger Vorstadt, Pieschen";"Einzelraumheizung";33
"1998";"05 Mickten, Kaditz, Trachau";"Fernheizung";33
"1998";"05 Mickten, Kaditz, Trachau";"Zentralheizung oder Etagenheizung";52
"1998";"05 Mickten, Kaditz, Trachau";"Einzelraumheizung";15
"1998";"06 StB Klotzsche und nördliche OS";"Fernheizung";42
"1998";"06 StB Klotzsche und nördliche OS";"Zentralheizung oder Etagenheizung";49
"1998";"06 StB Klotzsche und nördliche OS";"Einzelraumheizung";9
"1998";"07 StB Loschwitz und OS Schönfeld-Weißig";"Fernheizung";5
"1998";"07 StB Loschwitz und OS Schönfeld-Weißig";"Zentralheizung oder Etagenheizung";83
"1998";"07 StB Loschwitz und OS Schönfeld-Weißig";"Einzelraumheizung";12
"1998";"08 Blasewitz, Striesen";"Fernheizung";56
"1998";"08 Blasewitz, Striesen";"Zentralheizung oder Etagenheizung";36
"1998";"08 Blasewitz, Striesen";"Einzelraumheizung";9
"1998";"09 Tolkewitz, Seidnitz, Gruna";"Fernheizung";70
"1998";"09 Tolkewitz, Seidnitz, Gruna";"Zentralheizung oder Etagenheizung";19
"1998";"09 Tolkewitz, Seidnitz, Gruna";"Einzelraumheizung";11
"1998";"10 StB Leuben";"Fernheizung";46
"1998";"10 StB Leuben";"Zentralheizung oder Etagenheizung";42
"1998";"10 StB Leuben";"Einzelraumheizung";12
"1998";"11 Prohlis, Reick (mit Sternhäuser, Am Koitschgraben)";"Fernheizung";81
"1998";"11 Prohlis, Reick (mit Sternhäuser, Am Koitschgraben)";"Zentralheizung oder Etagenheizung";17
"1998";"11 Prohlis, Reick (mit Sternhäuser, Am Koitschgraben)";"Einzelraumheizung";2
"1998";"12 Niedersedlitz, Leubnitz, Strehlen (ohne Sternhäuser, Am Koitschgraben)";"Fernheizung";35
"1998";"12 Niedersedlitz, Leubnitz, Strehlen (ohne Sternhäuser, Am Koitschgraben)";"Zentralheizung oder Etagenheizung";56
"1998";"12 Niedersedlitz, Leubnitz, Strehlen (ohne Sternhäuser, Am Koitschgraben)";"Einzelraumheizung";9
"1998";"13 Südvorstadt, Zschertnitz";"Fernheizung";68
"1998";"13 Südvorstadt, Zschertnitz";"Zentralheizung oder Etagenheizung";20
"1998";"13 Südvorstadt, Zschertnitz";"Einzelraumheizung";11
"1998";"14 Mockritz, Coschütz, Plauen";"Fernheizung";35
"1998";"14 Mockritz, Coschütz, Plauen";"Zentralheizung oder Etagenheizung";51
"1998";"14 Mockritz, Coschütz, Plauen";"Einzelraumheizung";14
"1998";"15 Cotta, Löbtau, Naußlitz, Dölzschen";"Fernheizung";20
"1998";"15 Cotta, Löbtau, Naußlitz, Dölzschen";"Zentralheizung oder Etagenheizung";61
"1998";"15 Cotta, Löbtau, Naußlitz, Dölzschen";"Einzelraumheizung";19
"1998";"16 Gorbitz";"Fernheizung";97
"1998";"16 Gorbitz";"Zentralheizung oder Etagenheizung";2
"1998";"16 Gorbitz";"Einzelraumheizung";1
"1998";"17 Briesnitz und westliche OS";"Fernheizung";10
"1998";"17 Briesnitz und westliche OS";"Zentralheizung oder Etagenheizung";80
"1998";"17 Briesnitz und westliche OS";"Einzelraumheizung";10
"1998";"18 Dresden gesamt";"Fernheizung";54
"1998";"18 Dresden gesamt";"Zentralheizung oder Etagenheizung";35
"1998";"18 Dresden gesamt";"Einzelraumheizung";11
"2002";"01 StB Altstadt ohne Johannstadt";"Fernheizung";87
"2002";"01 StB Altstadt ohne Johannstadt";"Zentralheizung oder Etagenheizung";13
"2002";"01 StB Altstadt ohne Johannstadt";"Einzelraumheizung";0
"2002";"02 Johannstadt";"Fernheizung";79
"2002";"02 Johannstadt";"Zentralheizung oder Etagenheizung";19
"2002";"02 Johannstadt";"Einzelraumheizung";2
"2002";"03 StB Neustadt ohne Leipziger Vorstadt";"Fernheizung";46
"2002";"03 StB Neustadt ohne Leipziger Vorstadt";"Zentralheizung oder Etagenheizung";52
"2002";"03 StB Neustadt ohne Leipziger Vorstadt";"Einzelraumheizung";2
"2002";"04 Leipziger Vorstadt, Pieschen";"Fernheizung";17
"2002";"04 Leipziger Vorstadt, Pieschen";"Zentralheizung oder Etagenheizung";78
"2002";"04 Leipziger Vorstadt, Pieschen";"Einzelraumheizung";5
"2002";"05 Mickten, Kaditz, Trachau";"Fernheizung";36
"2002";"05 Mickten, Kaditz, Trachau";"Zentralheizung oder Etagenheizung";59
"2002";"05 Mickten, Kaditz, Trachau";"Einzelraumheizung";5
"2002";"06 StB Klotzsche und nördliche OS";"Fernheizung";27
"2002";"06 StB Klotzsche und nördliche OS";"Zentralheizung oder Etagenheizung";70
"2002";"06 StB Klotzsche und nördliche OS";"Einzelraumheizung";3
"2002";"07 StB Loschwitz und OS Schönfeld-Weißig";"Fernheizung";7
"2002";"07 StB Loschwitz und OS Schönfeld-Weißig";"Zentralheizung oder Etagenheizung";87
"2002";"07 StB Loschwitz und OS Schönfeld-Weißig";"Einzelraumheizung";6
"2002";"08 Blasewitz, Striesen";"Fernheizung";53
"2002";"08 Blasewitz, Striesen";"Zentralheizung oder Etagenheizung";45
"2002";"08 Blasewitz, Striesen";"Einzelraumheizung";2
"2002";"09 Tolkewitz, Seidnitz, Gruna";"Fernheizung";76
"2002";"09 Tolkewitz, Seidnitz, Gruna";"Zentralheizung oder Etagenheizung";23
"2002";"09 Tolkewitz, Seidnitz, Gruna";"Einzelraumheizung";1
"2002";"10 StB Leuben";"Fernheizung";46
"2002";"10 StB Leuben";"Zentralheizung oder Etagenheizung";51
"2002";"10 StB Leuben";"Einzelraumheizung";3
"2002";"11 Prohlis, Reick (mit Sternhäuser, Am Koitschgraben)";"Fernheizung";81
"2002";"11 Prohlis, Reick (mit Sternhäuser, Am Koitschgraben)";"Zentralheizung oder Etagenheizung";19
"2002";"11 Prohlis, Reick (mit Sternhäuser, Am Koitschgraben)";"Einzelraumheizung";0
"2002";"12 Niedersedlitz, Leubnitz, Strehlen (ohne Sternhäuser, Am Koitschgraben)";"Fernheizung";38
"2002";"12 Niedersedlitz, Leubnitz, Strehlen (ohne Sternhäuser, Am Koitschgraben)";"Zentralheizung oder Etagenheizung";57
"2002";"12 Niedersedlitz, Leubnitz, Strehlen (ohne Sternhäuser, Am Koitschgraben)";"Einzelraumheizung";5
"2002";"13 Südvorstadt, Zschertnitz";"Fernheizung";76
"2002";"13 Südvorstadt, Zschertnitz";"Zentralheizung oder Etagenheizung";23
"2002";"13 Südvorstadt, Zschertnitz";"Einzelraumheizung";1
"2002";"14 Mockritz, Coschütz, Plauen";"Fernheizung";38
"2002";"14 Mockritz, Coschütz, Plauen";"Zentralheizung oder Etagenheizung";57
"2002";"14 Mockritz, Coschütz, Plauen";"Einzelraumheizung";6
"2002";"15 Cotta, Löbtau, Naußlitz, Dölzschen";"Fernheizung";17
"2002";"15 Cotta, Löbtau, Naußlitz, Dölzschen";"Zentralheizung oder Etagenheizung";77
"2002";"15 Cotta, Löbtau, Naußlitz, Dölzschen";"Einzelraumheizung";7
"2002";"16 Gorbitz";"Fernheizung";76
"2002";"16 Gorbitz";"Zentralheizung oder Etagenheizung";24
"2002";"16 Gorbitz";"Einzelraumheizung";0
"2002";"17 Briesnitz und westliche OS";"Fernheizung";5
"2002";"17 Briesnitz und westliche OS";"Zentralheizung oder Etagenheizung";85
"2002";"17 Briesnitz und westliche OS";"Einzelraumheizung";10
"2002";"18 Dresden gesamt";"Fernheizung";49
"2002";"18 Dresden gesamt";"Zentralheizung oder Etagenheizung";48
"2002";"18 Dresden gesamt";"Einzelraumheizung";3
"2005";"01 StB Altstadt ohne Johannstadt";"Fernheizung";89
"2005";"01 StB Altstadt ohne Johannstadt";"Zentralheizung oder Etagenheizung";11
"2005";"01 StB Altstadt ohne Johannstadt";"Einzelraumheizung";1
"2005";"02 Johannstadt";"Fernheizung";86
"2005";"02 Johannstadt";"Zentralheizung oder Etagenheizung";13
"2005";"02 Johannstadt";"Einzelraumheizung";1
"2005";"03 StB Neustadt ohne Leipziger Vorstadt";"Fernheizung";49
"2005";"03 StB Neustadt ohne Leipziger Vorstadt";"Zentralheizung oder Etagenheizung";47
"2005";"03 StB Neustadt ohne Leipziger Vorstadt";"Einzelraumheizung";4
"2005";"04 Leipziger Vorstadt, Pieschen";"Fernheizung";19
"2005";"04 Leipziger Vorstadt, Pieschen";"Zentralheizung oder Etagenheizung";73
"2005";"04 Leipziger Vorstadt, Pieschen";"Einzelraumheizung";8
"2005";"05 Mickten, Kaditz, Trachau";"Fernheizung";30
"2005";"05 Mickten, Kaditz, Trachau";"Zentralheizung oder Etagenheizung";68
"2005";"05 Mickten, Kaditz, Trachau";"Einzelraumheizung";1
"2005";"06 StB Klotzsche und nördliche OS";"Fernheizung";24
"2005";"06 StB Klotzsche und nördliche OS";"Zentralheizung oder Etagenheizung";72
"2005";"06 StB Klotzsche und nördliche OS";"Einzelraumheizung";4
"2005";"07 StB Loschwitz und OS Schönfeld-Weißig";"Fernheizung";8
"2005";"07 StB Loschwitz und OS Schönfeld-Weißig";"Zentralheizung oder Etagenheizung";86
"2005";"07 StB Loschwitz und OS Schönfeld-Weißig";"Einzelraumheizung";6
"2005";"08 Blasewitz, Striesen";"Fernheizung";55
"2005";"08 Blasewitz, Striesen";"Zentralheizung oder Etagenheizung";45
"2005";"08 Blasewitz, Striesen";"Einzelraumheizung";0
"2005";"09 Tolkewitz, Seidnitz, Gruna";"Fernheizung";72
"2005";"09 Tolkewitz, Seidnitz, Gruna";"Zentralheizung oder Etagenheizung";28
"2005";"09 Tolkewitz, Seidnitz, Gruna";"Einzelraumheizung";1
"2005";"10 StB Leuben";"Fernheizung";46
"2005";"10 StB Leuben";"Zentralheizung oder Etagenheizung";54
"2005";"10 StB Leuben";"Einzelraumheizung";0
"2005";"11 Prohlis, Reick (mit Sternhäuser, Am Koitschgraben)";"Fernheizung";62
"2005";"11 Prohlis, Reick (mit Sternhäuser, Am Koitschgraben)";"Zentralheizung oder Etagenheizung";35
"2005";"11 Prohlis, Reick (mit Sternhäuser, Am Koitschgraben)";"Einzelraumheizung";3
"2005";"12 Niedersedlitz, Leubnitz, Strehlen (ohne Sternhäuser, Am Koitschgraben)";"Fernheizung";31
"2005";"12 Niedersedlitz, Leubnitz, Strehlen (ohne Sternhäuser, Am Koitschgraben)";"Zentralheizung oder Etagenheizung";67
"2005";"12 Niedersedlitz, Leubnitz, Strehlen (ohne Sternhäuser, Am Koitschgraben)";"Einzelraumheizung";2
"2005";"13 Südvorstadt, Zschertnitz";"Fernheizung";62
"2005";"13 Südvorstadt, Zschertnitz";"Zentralheizung oder Etagenheizung";37
"2005";"13 Südvorstadt, Zschertnitz";"Einzelraumheizung";1
"2005";"14 Mockritz, Coschütz, Plauen";"Fernheizung";36
"2005";"14 Mockritz, Coschütz, Plauen";"Zentralheizung oder Etagenheizung";64
"2005";"14 Mockritz, Coschütz, Plauen";"Einzelraumheizung";0
"2005";"15 Cotta, Löbtau, Naußlitz, Dölzschen";"Fernheizung";20
"2005";"15 Cotta, Löbtau, Naußlitz, Dölzschen";"Zentralheizung oder Etagenheizung";77
"2005";"15 Cotta, Löbtau, Naußlitz, Dölzschen";"Einzelraumheizung";2
"2005";"16 Gorbitz";"Fernheizung";90
"2005";"16 Gorbitz";"Zentralheizung oder Etagenheizung";10
"2005";"16 Gorbitz";"Einzelraumheizung";0
"2005";"17 Briesnitz und westliche OS";"Fernheizung";9
"2005";"17 Briesnitz und westliche OS";"Zentralheizung oder Etagenheizung";86
"2005";"17 Briesnitz und westliche OS";"Einzelraumheizung";4
"2005";"18 Dresden gesamt";"Fernheizung";48
"2005";"18 Dresden gesamt";"Zentralheizung oder Etagenheizung";50
"2005";"18 Dresden gesamt";"Einzelraumheizung";2
"2007";"01 StB Altstadt ohne Johannstadt";"Fernheizung";79
"2007";"01 StB Altstadt ohne Johannstadt";"Zentralheizung oder Etagenheizung";20
"2007";"01 StB Altstadt ohne Johannstadt";"Einzelraumheizung";1
"2007";"02 Johannstadt";"Fernheizung";79
"2007";"02 Johannstadt";"Zentralheizung oder Etagenheizung";20
"2007";"02 Johannstadt";"Einzelraumheizung";2
"2007";"03 StB Neustadt ohne Leipziger Vorstadt";"Fernheizung";54
"2007";"03 StB Neustadt ohne Leipziger Vorstadt";"Zentralheizung oder Etagenheizung";42
"2007";"03 StB Neustadt ohne Leipziger Vorstadt";"Einzelraumheizung";5
"2007";"04 Leipziger Vorstadt, Pieschen";"Fernheizung";22
"2007";"04 Leipziger Vorstadt, Pieschen";"Zentralheizung oder Etagenheizung";69
"2007";"04 Leipziger Vorstadt, Pieschen";"Einzelraumheizung";9
"2007";"05 Mickten, Kaditz, Trachau";"Fernheizung";28
"2007";"05 Mickten, Kaditz, Trachau";"Zentralheizung oder Etagenheizung";70
"2007";"05 Mickten, Kaditz, Trachau";"Einzelraumheizung";2
"2007";"06 StB Klotzsche und nördliche OS";"Fernheizung";24
"2007";"06 StB Klotzsche und nördliche OS";"Zentralheizung oder Etagenheizung";73
"2007";"06 StB Klotzsche und nördliche OS";"Einzelraumheizung";3
"2007";"07 StB Loschwitz und OS Schönfeld-Weißig";"Fernheizung";9
"2007";"07 StB Loschwitz und OS Schönfeld-Weißig";"Zentralheizung oder Etagenheizung";86
"2007";"07 StB Loschwitz und OS Schönfeld-Weißig";"Einzelraumheizung";5
"2007";"08 Blasewitz, Striesen";"Fernheizung";49
"2007";"08 Blasewitz, Striesen";"Zentralheizung oder Etagenheizung";50
"2007";"08 Blasewitz, Striesen";"Einzelraumheizung";1
"2007";"09 Tolkewitz, Seidnitz, Gruna";"Fernheizung";64
"2007";"09 Tolkewitz, Seidnitz, Gruna";"Zentralheizung oder Etagenheizung";36
"2007";"09 Tolkewitz, Seidnitz, Gruna";"Einzelraumheizung";1
"2007";"10 StB Leuben";"Fernheizung";49
"2007";"10 StB Leuben";"Zentralheizung oder Etagenheizung";50
"2007";"10 StB Leuben";"Einzelraumheizung";2
"2007";"11 Prohlis, Reick (mit Sternhäuser, Am Koitschgraben)";"Fernheizung";75
"2007";"11 Prohlis, Reick (mit Sternhäuser, Am Koitschgraben)";"Zentralheizung oder Etagenheizung";25
"2007";"11 Prohlis, Reick (mit Sternhäuser, Am Koitschgraben)";"Einzelraumheizung";0
"2007";"12 Niedersedlitz, Leubnitz, Strehlen (ohne Sternhäuser, Am Koitschgraben)";"Fernheizung";25
"2007";"12 Niedersedlitz, Leubnitz, Strehlen (ohne Sternhäuser, Am Koitschgraben)";"Zentralheizung oder Etagenheizung";72
"2007";"12 Niedersedlitz, Leubnitz, Strehlen (ohne Sternhäuser, Am Koitschgraben)";"Einzelraumheizung";3
"2007";"13 Südvorstadt, Zschertnitz";"Fernheizung";63
"2007";"13 Südvorstadt, Zschertnitz";"Zentralheizung oder Etagenheizung";34
"2007";"13 Südvorstadt, Zschertnitz";"Einzelraumheizung";3
"2007";"14 Mockritz, Coschütz, Plauen";"Fernheizung";31
"2007";"14 Mockritz, Coschütz, Plauen";"Zentralheizung oder Etagenheizung";68
"2007";"14 Mockritz, Coschütz, Plauen";"Einzelraumheizung";1
"2007";"15 Cotta, Löbtau, Naußlitz, Dölzschen";"Fernheizung";29
"2007";"15 Cotta, Löbtau, Naußlitz, Dölzschen";"Zentralheizung oder Etagenheizung";65
"2007";"15 Cotta, Löbtau, Naußlitz, Dölzschen";"Einzelraumheizung";5
"2007";"16 Gorbitz";"Fernheizung";81
"2007";"16 Gorbitz";"Zentralheizung oder Etagenheizung";19
"2007";"16 Gorbitz";"Einzelraumheizung";0
"2007";"17 Briesnitz und westliche OS";"Fernheizung";10
"2007";"17 Briesnitz und westliche OS";"Zentralheizung oder Etagenheizung";88
"2007";"17 Briesnitz und westliche OS";"Einzelraumheizung";2
"2007";"18 Dresden gesamt";"Fernheizung";46
"2007";"18 Dresden gesamt";"Zentralheizung oder Etagenheizung";52
"2007";"18 Dresden gesamt";"Einzelraumheizung";3
"2010";"01 StB Altstadt ohne Johannstadt";"Fernheizung";66
"2010";"01 StB Altstadt ohne Johannstadt";"Zentralheizung oder Etagenheizung";34
"2010";"01 StB Altstadt ohne Johannstadt";"Einzelraumheizung";0
"2010";"02 Johannstadt";"Fernheizung";76
"2010";"02 Johannstadt";"Zentralheizung oder Etagenheizung";24
"2010";"02 Johannstadt";"Einzelraumheizung";0
"2010";"03 StB Neustadt ohne Leipziger Vorstadt";"Fernheizung";53
"2010";"03 StB Neustadt ohne Leipziger Vorstadt";"Zentralheizung oder Etagenheizung";43
"2010";"03 StB Neustadt ohne Leipziger Vorstadt";"Einzelraumheizung";3
"2010";"04 Leipziger Vorstadt, Pieschen";"Fernheizung";23
"2010";"04 Leipziger Vorstadt, Pieschen";"Zentralheizung oder Etagenheizung";75
"2010";"04 Leipziger Vorstadt, Pieschen";"Einzelraumheizung";2
"2010";"05 Mickten, Kaditz, Trachau";"Fernheizung";33
"2010";"05 Mickten, Kaditz, Trachau";"Zentralheizung oder Etagenheizung";67
"2010";"05 Mickten, Kaditz, Trachau";"Einzelraumheizung";1
"2010";"06 StB Klotzsche und nördliche OS";"Fernheizung";28
"2010";"06 StB Klotzsche und nördliche OS";"Zentralheizung oder Etagenheizung";71
"2010";"06 StB Klotzsche und nördliche OS";"Einzelraumheizung";1
"2010";"07 StB Loschwitz und OS Schönfeld-Weißig";"Fernheizung";11
"2010";"07 StB Loschwitz und OS Schönfeld-Weißig";"Zentralheizung oder Etagenheizung";88
"2010";"07 StB Loschwitz und OS Schönfeld-Weißig";"Einzelraumheizung";1
"2010";"08 Blasewitz, Striesen";"Fernheizung";48
"2010";"08 Blasewitz, Striesen";"Zentralheizung oder Etagenheizung";50
"2010";"08 Blasewitz, Striesen";"Einzelraumheizung";1
"2010";"09 Tolkewitz, Seidnitz, Gruna";"Fernheizung";68
"2010";"09 Tolkewitz, Seidnitz, Gruna";"Zentralheizung oder Etagenheizung";32
"2010";"09 Tolkewitz, Seidnitz, Gruna";"Einzelraumheizung";0
"2010";"10 StB Leuben";"Fernheizung";40
"2010";"10 StB Leuben";"Zentralheizung oder Etagenheizung";59
"2010";"10 StB Leuben";"Einzelraumheizung";1
"2010";"11 Prohlis, Reick (mit Sternhäuser, Am Koitschgraben)";"Fernheizung";87
"2010";"11 Prohlis, Reick (mit Sternhäuser, Am Koitschgraben)";"Zentralheizung oder Etagenheizung";13
"2010";"11 Prohlis, Reick (mit Sternhäuser, Am Koitschgraben)";"Einzelraumheizung";0
"2010";"12 Niedersedlitz, Leubnitz, Strehlen (ohne Sternhäuser, Am Koitschgraben)";"Fernheizung";28
"2010";"12 Niedersedlitz, Leubnitz, Strehlen (ohne Sternhäuser, Am Koitschgraben)";"Zentralheizung oder Etagenheizung";70
"2010";"12 Niedersedlitz, Leubnitz, Strehlen (ohne Sternhäuser, Am Koitschgraben)";"Einzelraumheizung";2
"2010";"13 Südvorstadt, Zschertnitz";"Fernheizung";72
"2010";"13 Südvorstadt, Zschertnitz";"Zentralheizung oder Etagenheizung";28
"2010";"13 Südvorstadt, Zschertnitz";"Einzelraumheizung";0
"2010";"14 Mockritz, Coschütz, Plauen";"Fernheizung";35
"2010";"14 Mockritz, Coschütz, Plauen";"Zentralheizung oder Etagenheizung";65
"2010";"14 Mockritz, Coschütz, Plauen";"Einzelraumheizung";0
"2010";"15 Cotta, Löbtau, Naußlitz, Dölzschen";"Fernheizung";20
"2010";"15 Cotta, Löbtau, Naußlitz, Dölzschen";"Zentralheizung oder Etagenheizung";79
"2010";"15 Cotta, Löbtau, Naußlitz, Dölzschen";"Einzelraumheizung";2
"2010";"16 Gorbitz";"Fernheizung";93
"2010";"16 Gorbitz";"Zentralheizung oder Etagenheizung";7
"2010";"16 Gorbitz";"Einzelraumheizung";0
"2010";"17 Briesnitz und westliche OS";"Fernheizung";11
"2010";"17 Briesnitz und westliche OS";"Zentralheizung oder Etagenheizung";88
"2010";"17 Briesnitz und westliche OS";"Einzelraumheizung";1
"2010";"18 Dresden gesamt";"Fernheizung";46
"2010";"18 Dresden gesamt";"Zentralheizung oder Etagenheizung";53
"2010";"18 Dresden gesamt";"Einzelraumheizung";1
"2012";"01 StB Altstadt ohne Johannstadt";"Fernheizung";79
"2012";"01 StB Altstadt ohne Johannstadt";"Zentralheizung oder Etagenheizung";21
"2012";"01 StB Altstadt ohne Johannstadt";"Einzelraumheizung";0
"2012";"02 Johannstadt";"Fernheizung";85
"2012";"02 Johannstadt";"Zentralheizung oder Etagenheizung";15
"2012";"02 Johannstadt";"Einzelraumheizung";0
"2012";"03 StB Neustadt ohne Leipziger Vorstadt";"Fernheizung";72
"2012";"03 StB Neustadt ohne Leipziger Vorstadt";"Zentralheizung oder Etagenheizung";27
"2012";"03 StB Neustadt ohne Leipziger Vorstadt";"Einzelraumheizung";1
"2012";"04 Leipziger Vorstadt, Pieschen";"Fernheizung";42
"2012";"04 Leipziger Vorstadt, Pieschen";"Zentralheizung oder Etagenheizung";56
"2012";"04 Leipziger Vorstadt, Pieschen";"Einzelraumheizung";1
"2012";"05 Mickten, Kaditz, Trachau";"Fernheizung";49
"2012";"05 Mickten, Kaditz, Trachau";"Zentralheizung oder Etagenheizung";51
"2012";"05 Mickten, Kaditz, Trachau";"Einzelraumheizung";0
"2012";"06 StB Klotzsche und nördliche OS";"Fernheizung";33
"2012";"06 StB Klotzsche und nördliche OS";"Zentralheizung oder Etagenheizung";64
"2012";"06 StB Klotzsche und nördliche OS";"Einzelraumheizung";3
"2012";"07 StB Loschwitz und OS Schönfeld-Weißig";"Fernheizung";13
"2012";"07 StB Loschwitz und OS Schönfeld-Weißig";"Zentralheizung oder Etagenheizung";80
"2012";"07 StB Loschwitz und OS Schönfeld-Weißig";"Einzelraumheizung";8
"2012";"08 Blasewitz, Striesen";"Fernheizung";59
"2012";"08 Blasewitz, Striesen";"Zentralheizung oder Etagenheizung";39
"2012";"08 Blasewitz, Striesen";"Einzelraumheizung";2
"2012";"09 Tolkewitz, Seidnitz, Gruna";"Fernheizung";79
"2012";"09 Tolkewitz, Seidnitz, Gruna";"Zentralheizung oder Etagenheizung";21
"2012";"09 Tolkewitz, Seidnitz, Gruna";"Einzelraumheizung";0
"2012";"10 StB Leuben";"Fernheizung";54
"2012";"10 StB Leuben";"Zentralheizung oder Etagenheizung";43
"2012";"10 StB Leuben";"Einzelraumheizung";3
"2012";"11 Prohlis, Reick (mit Sternhäuser, Am Koitschgraben)";"Fernheizung";93
"2012";"11 Prohlis, Reick (mit Sternhäuser, Am Koitschgraben)";"Zentralheizung oder Etagenheizung";7
"2012";"11 Prohlis, Reick (mit Sternhäuser, Am Koitschgraben)";"Einzelraumheizung";0
"2012";"12 Niedersedlitz, Leubnitz, Strehlen (ohne Sternhäuser, Am Koitschgraben)";"Fernheizung";48
"2012";"12 Niedersedlitz, Leubnitz, Strehlen (ohne Sternhäuser, Am Koitschgraben)";"Zentralheizung oder Etagenheizung";51
"2012";"12 Niedersedlitz, Leubnitz, Strehlen (ohne Sternhäuser, Am Koitschgraben)";"Einzelraumheizung";1
"2012";"13 Südvorstadt, Zschertnitz";"Fernheizung";84
"2012";"13 Südvorstadt, Zschertnitz";"Zentralheizung oder Etagenheizung";16
"2012";"13 Südvorstadt, Zschertnitz";"Einzelraumheizung";0
"2012";"14 Mockritz, Coschütz, Plauen";"Fernheizung";44
"2012";"14 Mockritz, Coschütz, Plauen";"Zentralheizung oder Etagenheizung";54
"2012";"14 Mockritz, Coschütz, Plauen";"Einzelraumheizung";3
"2012";"15 Cotta, Löbtau, Naußlitz, Dölzschen";"Fernheizung";39
"2012";"15 Cotta, Löbtau, Naußlitz, Dölzschen";"Zentralheizung oder Etagenheizung";59
"2012";"15 Cotta, Löbtau, Naußlitz, Dölzschen";"Einzelraumheizung";2
"2012";"16 Gorbitz";"Fernheizung";91
"2012";"16 Gorbitz";"Zentralheizung oder Etagenheizung";9
"2012";"16 Gorbitz";"Einzelraumheizung";0
"2012";"17 Briesnitz und westliche OS";"Fernheizung";19
"2012";"17 Briesnitz und westliche OS";"Zentralheizung oder Etagenheizung";80
"2012";"17 Briesnitz und westliche OS";"Einzelraumheizung";1
"2012";"18 Dresden gesamt";"Fernheizung";59
"2012";"18 Dresden gesamt";"Zentralheizung oder Etagenheizung";40
"2012";"18 Dresden gesamt";"Einzelraumheizung";1
"2014";"01 StB Altstadt ohne Johannstadt";"Fernheizung";71
"2014";"01 StB Altstadt ohne Johannstadt";"Zentralheizung oder Etagenheizung";30
"2014";"01 StB Altstadt ohne Johannstadt";"Einzelraumheizung";0
"2014";"02 Johannstadt";"Fernheizung";75
"2014";"02 Johannstadt";"Zentralheizung oder Etagenheizung";25
"2014";"02 Johannstadt";"Einzelraumheizung";0
"2014";"03 StB Neustadt ohne Leipziger Vorstadt";"Fernheizung";41
"2014";"03 StB Neustadt ohne Leipziger Vorstadt";"Zentralheizung oder Etagenheizung";55
"2014";"03 StB Neustadt ohne Leipziger Vorstadt";"Einzelraumheizung";4
"2014";"04 Leipziger Vorstadt, Pieschen";"Fernheizung";23
"2014";"04 Leipziger Vorstadt, Pieschen";"Zentralheizung oder Etagenheizung";68
"2014";"04 Leipziger Vorstadt, Pieschen";"Einzelraumheizung";9
"2014";"05 Mickten, Kaditz, Trachau";"Fernheizung";39
"2014";"05 Mickten, Kaditz, Trachau";"Zentralheizung oder Etagenheizung";54
"2014";"05 Mickten, Kaditz, Trachau";"Einzelraumheizung";7
"2014";"06 StB Klotzsche und nördliche OS";"Fernheizung";17
"2014";"06 StB Klotzsche und nördliche OS";"Zentralheizung oder Etagenheizung";81
"2014";"06 StB Klotzsche und nördliche OS";"Einzelraumheizung";2
"2014";"07 StB Loschwitz und OS Schönfeld-Weißig";"Fernheizung";7
"2014";"07 StB Loschwitz und OS Schönfeld-Weißig";"Zentralheizung oder Etagenheizung";89
"2014";"07 StB Loschwitz und OS Schönfeld-Weißig";"Einzelraumheizung";4
"2014";"08 Blasewitz, Striesen";"Fernheizung";55
"2014";"08 Blasewitz, Striesen";"Zentralheizung oder Etagenheizung";45
"2014";"08 Blasewitz, Striesen";"Einzelraumheizung";1
"2014";"09 Tolkewitz, Seidnitz, Gruna";"Fernheizung";65
"2014";"09 Tolkewitz, Seidnitz, Gruna";"Zentralheizung oder Etagenheizung";31
"2014";"09 Tolkewitz, Seidnitz, Gruna";"Einzelraumheizung";4
"2014";"10 StB Leuben";"Fernheizung";47
"2014";"10 StB Leuben";"Zentralheizung oder Etagenheizung";52
"2014";"10 StB Leuben";"Einzelraumheizung";1
"2014";"11 Prohlis, Reick (mit Sternhäuser, Am Koitschgraben)";"Fernheizung";75
"2014";"11 Prohlis, Reick (mit Sternhäuser, Am Koitschgraben)";"Zentralheizung oder Etagenheizung";25
"2014";"11 Prohlis, Reick (mit Sternhäuser, Am Koitschgraben)";"Einzelraumheizung";0
"2014";"12 Niedersedlitz, Leubnitz, Strehlen (ohne Sternhäuser, Am Koitschgraben)";"Fernheizung";32
"2014";"12 Niedersedlitz, Leubnitz, Strehlen (ohne Sternhäuser, Am Koitschgraben)";"Zentralheizung oder Etagenheizung";65
"2014";"12 Niedersedlitz, Leubnitz, Strehlen (ohne Sternhäuser, Am Koitschgraben)";"Einzelraumheizung";3
"2014";"13 Südvorstadt, Zschertnitz";"Fernheizung";66
"2014";"13 Südvorstadt, Zschertnitz";"Zentralheizung oder Etagenheizung";34
"2014";"13 Südvorstadt, Zschertnitz";"Einzelraumheizung";1
"2014";"14 Mockritz, Coschütz, Plauen";"Fernheizung";25
"2014";"14 Mockritz, Coschütz, Plauen";"Zentralheizung oder Etagenheizung";73
"2014";"14 Mockritz, Coschütz, Plauen";"Einzelraumheizung";1
"2014";"15 Cotta, Löbtau, Naußlitz, Dölzschen";"Fernheizung";23
"2014";"15 Cotta, Löbtau, Naußlitz, Dölzschen";"Zentralheizung oder Etagenheizung";72
"2014";"15 Cotta, Löbtau, Naußlitz, Dölzschen";"Einzelraumheizung";5
"2014";"16 Gorbitz";"Fernheizung";80
"2014";"16 Gorbitz";"Zentralheizung oder Etagenheizung";20
"2014";"16 Gorbitz";"Einzelraumheizung";0
"2014";"17 Briesnitz und westliche OS";"Fernheizung";10
"2014";"17 Briesnitz und westliche OS";"Zentralheizung oder Etagenheizung";88
"2014";"17 Briesnitz und westliche OS";"Einzelraumheizung";2
"2014";"18 Dresden gesamt";"Fernheizung";45
"2014";"18 Dresden gesamt";"Zentralheizung oder Etagenheizung";53
"2014";"18 Dresden gesamt";"Einzelraumheizung";3
"2016";"01 StB Altstadt ohne Johannstadt";"Fernheizung";67
"2016";"01 StB Altstadt ohne Johannstadt";"Zentralheizung oder Etagenheizung";32
"2016";"01 StB Altstadt ohne Johannstadt";"Einzelraumheizung";1
"2016";"02 Johannstadt";"Fernheizung";77
"2016";"02 Johannstadt";"Zentralheizung oder Etagenheizung";23
"2016";"02 Johannstadt";"Einzelraumheizung";0
"2016";"03 StB Neustadt ohne Leipziger Vorstadt";"Fernheizung";52
"2016";"03 StB Neustadt ohne Leipziger Vorstadt";"Zentralheizung oder Etagenheizung";45
"2016";"03 StB Neustadt ohne Leipziger Vorstadt";"Einzelraumheizung";4
"2016";"04 Leipziger Vorstadt, Pieschen";"Fernheizung";25
"2016";"04 Leipziger Vorstadt, Pieschen";"Zentralheizung oder Etagenheizung";74
"2016";"04 Leipziger Vorstadt, Pieschen";"Einzelraumheizung";2
"2016";"05 Mickten, Kaditz, Trachau";"Fernheizung";33
"2016";"05 Mickten, Kaditz, Trachau";"Zentralheizung oder Etagenheizung";66
"2016";"05 Mickten, Kaditz, Trachau";"Einzelraumheizung";1
"2016";"06 StB Klotzsche und nördliche OS";"Fernheizung";28
"2016";"06 StB Klotzsche und nördliche OS";"Zentralheizung oder Etagenheizung";72
"2016";"06 StB Klotzsche und nördliche OS";"Einzelraumheizung";1
"2016";"07 StB Loschwitz und OS Schönfeld-Weißig";"Fernheizung";9
"2016";"07 StB Loschwitz und OS Schönfeld-Weißig";"Zentralheizung oder Etagenheizung";88
"2016";"07 StB Loschwitz und OS Schönfeld-Weißig";"Einzelraumheizung";3
"2016";"08 Blasewitz, Striesen";"Fernheizung";51
"2016";"08 Blasewitz, Striesen";"Zentralheizung oder Etagenheizung";49
"2016";"08 Blasewitz, Striesen";"Einzelraumheizung";0
"2016";"09 Tolkewitz, Seidnitz, Gruna";"Fernheizung";61
"2016";"09 Tolkewitz, Seidnitz, Gruna";"Zentralheizung oder Etagenheizung";39
"2016";"09 Tolkewitz, Seidnitz, Gruna";"Einzelraumheizung";0
"2016";"10 StB Leuben";"Fernheizung";46
"2016";"10 StB Leuben";"Zentralheizung oder Etagenheizung";53
"2016";"10 StB Leuben";"Einzelraumheizung";1
"2016";"11 Prohlis, Reick (mit Sternhäuser, Am Koitschgraben)";"Fernheizung";79
"2016";"11 Prohlis, Reick (mit Sternhäuser, Am Koitschgraben)";"Zentralheizung oder Etagenheizung";20
"2016";"11 Prohlis, Reick (mit Sternhäuser, Am Koitschgraben)";"Einzelraumheizung";1
"2016";"12 Niedersedlitz, Leubnitz, Strehlen (ohne Sternhäuser, Am Koitschgraben)";"Fernheizung";32
"2016";"12 Niedersedlitz, Leubnitz, Strehlen (ohne Sternhäuser, Am Koitschgraben)";"Zentralheizung oder Etagenheizung";66
"2016";"12 Niedersedlitz, Leubnitz, Strehlen (ohne Sternhäuser, Am Koitschgraben)";"Einzelraumheizung";3
"2016";"13 Südvorstadt, Zschertnitz";"Fernheizung";65
"2016";"13 Südvorstadt, Zschertnitz";"Zentralheizung oder Etagenheizung";34
"2016";"13 Südvorstadt, Zschertnitz";"Einzelraumheizung";0
"2016";"14 Mockritz, Coschütz, Plauen";"Fernheizung";35
"2016";"14 Mockritz, Coschütz, Plauen";"Zentralheizung oder Etagenheizung";64
"2016";"14 Mockritz, Coschütz, Plauen";"Einzelraumheizung";0
"2016";"15 Cotta, Löbtau, Naußlitz, Dölzschen";"Fernheizung";32
"2016";"15 Cotta, Löbtau, Naußlitz, Dölzschen";"Zentralheizung oder Etagenheizung";68
"2016";"15 Cotta, Löbtau, Naußlitz, Dölzschen";"Einzelraumheizung";0
"2016";"16 Gorbitz";"Fernheizung";78
"2016";"16 Gorbitz";"Zentralheizung oder Etagenheizung";22
"2016";"16 Gorbitz";"Einzelraumheizung";0
"2016";"17 Briesnitz und westliche OS";"Fernheizung";12
"2016";"17 Briesnitz und westliche OS";"Zentralheizung oder Etagenheizung";85
"2016";"17 Briesnitz und westliche OS";"Einzelraumheizung";3
"2016";"18 Dresden gesamt";"Fernheizung";45
"2016";"18 Dresden gesamt";"Zentralheizung oder Etagenheizung";54
"2016";"18 Dresden gesamt";"Einzelraumheizung";1
"2018";"01 StB Altstadt ohne Johannstadt";"Fernheizung";68
"2018";"01 StB Altstadt ohne Johannstadt";"Zentralheizung oder Etagenheizung";32
"2018";"01 StB Altstadt ohne Johannstadt";"Einzelraumheizung";0
"2018";"02 Johannstadt";"Fernheizung";73
"2018";"02 Johannstadt";"Zentralheizung oder Etagenheizung";26
"2018";"02 Johannstadt";"Einzelraumheizung";2
"2018";"03 StB Neustadt ohne Leipziger Vorstadt";"Fernheizung";44
"2018";"03 StB Neustadt ohne Leipziger Vorstadt";"Zentralheizung oder Etagenheizung";54
"2018";"03 StB Neustadt ohne Leipziger Vorstadt";"Einzelraumheizung";3
"2018";"04 Leipziger Vorstadt, Pieschen";"Fernheizung";25
"2018";"04 Leipziger Vorstadt, Pieschen";"Zentralheizung oder Etagenheizung";73
"2018";"04 Leipziger Vorstadt, Pieschen";"Einzelraumheizung";2
"2018";"05 Mickten, Kaditz, Trachau";"Fernheizung";39
"2018";"05 Mickten, Kaditz, Trachau";"Zentralheizung oder Etagenheizung";61
"2018";"05 Mickten, Kaditz, Trachau";"Einzelraumheizung";0
"2018";"06 StB Klotzsche und nördliche OS";"Fernheizung";26
"2018";"06 StB Klotzsche und nördliche OS";"Zentralheizung oder Etagenheizung";73
"2018";"06 StB Klotzsche und nördliche OS";"Einzelraumheizung";1
"2018";"07 StB Loschwitz und OS Schönfeld-Weißig";"Fernheizung";12
"2018";"07 StB Loschwitz und OS Schönfeld-Weißig";"Zentralheizung oder Etagenheizung";86
"2018";"07 StB Loschwitz und OS Schönfeld-Weißig";"Einzelraumheizung";2
"2018";"08 Blasewitz, Striesen";"Fernheizung";49
"2018";"08 Blasewitz, Striesen";"Zentralheizung oder Etagenheizung";51
"2018";"08 Blasewitz, Striesen";"Einzelraumheizung";0
"2018";"09 Tolkewitz, Seidnitz, Gruna";"Fernheizung";67
"2018";"09 Tolkewitz, Seidnitz, Gruna";"Zentralheizung oder Etagenheizung";32
"2018";"09 Tolkewitz, Seidnitz, Gruna";"Einzelraumheizung";1
"2018";"10 StB Leuben";"Fernheizung";49
"2018";"10 StB Leuben";"Zentralheizung oder Etagenheizung";51
"2018";"10 StB Leuben";"Einzelraumheizung";1
"2018";"11 Prohlis, Reick (mit Sternhäuser, Am Koitschgraben)";"Fernheizung";73
"2018";"11 Prohlis, Reick (mit Sternhäuser, Am Koitschgraben)";"Zentralheizung oder Etagenheizung";27
"2018";"11 Prohlis, Reick (mit Sternhäuser, Am Koitschgraben)";"Einzelraumheizung";0
"2018";"12 Niedersedlitz, Leubnitz, Strehlen (ohne Sternhäuser, Am Koitschgraben)";"Fernheizung";30
"2018";"12 Niedersedlitz, Leubnitz, Strehlen (ohne Sternhäuser, Am Koitschgraben)";"Zentralheizung oder Etagenheizung";70
"2018";"12 Niedersedlitz, Leubnitz, Strehlen (ohne Sternhäuser, Am Koitschgraben)";"Einzelraumheizung";1
"2018";"13 Südvorstadt, Zschertnitz";"Fernheizung";63
"2018";"13 Südvorstadt, Zschertnitz";"Zentralheizung oder Etagenheizung";35
"2018";"13 Südvorstadt, Zschertnitz";"Einzelraumheizung";2
"2018";"14 Mockritz, Coschütz, Plauen";"Fernheizung";31
"2018";"14 Mockritz, Coschütz, Plauen";"Zentralheizung oder Etagenheizung";67
"2018";"14 Mockritz, Coschütz, Plauen";"Einzelraumheizung";2
"2018";"15 Cotta, Löbtau, Naußlitz, Dölzschen";"Fernheizung";36
"2018";"15 Cotta, Löbtau, Naußlitz, Dölzschen";"Zentralheizung oder Etagenheizung";62
"2018";"15 Cotta, Löbtau, Naußlitz, Dölzschen";"Einzelraumheizung";2
"2018";"16 Gorbitz";"Fernheizung";74
"2018";"16 Gorbitz";"Zentralheizung oder Etagenheizung";26
"2018";"16 Gorbitz";"Einzelraumheizung";0
"2018";"17 Briesnitz und westliche OS";"Fernheizung";8
"2018";"17 Briesnitz und westliche OS";"Zentralheizung oder Etagenheizung";91
"2018";"17 Briesnitz und westliche OS";"Einzelraumheizung";2
"2018";"18 Dresden gesamt";"Fernheizung";45
"2018";"18 Dresden gesamt";"Zentralheizung oder Etagenheizung";54
"2018";"18 Dresden gesamt";"Einzelraumheizung";1
