"Jahr";"Stadtteil zus.";"Stadtbezirk mit zugeordneten Ortschaften";"Stadtraum";"Geschlecht";"Staatsangehörigkeit-1 Deutsche / Ausländer";"Anzahl Einwohner"
"2016";"01 Innere Altstadt";"StB 0 Altstadt";"01 StB Altstadt ohne Johannstadt";"männlich";"Deutsche";703
"2016";"01 Innere Altstadt";"StB 0 Altstadt";"01 StB Altstadt ohne Johannstadt";"männlich";"Ausländer";131
"2016";"01 Innere Altstadt";"StB 0 Altstadt";"01 StB Altstadt ohne Johannstadt";"weiblich";"Deutsche";719
"2016";"01 Innere Altstadt";"StB 0 Altstadt";"01 StB Altstadt ohne Johannstadt";"weiblich";"Ausländer";160
"2016";"02 Pirnaische Vorstadt";"StB 0 Altstadt";"01 StB Altstadt ohne Johannstadt";"männlich";"Deutsche";2445
"2016";"02 Pirnaische Vorstadt";"StB 0 Altstadt";"01 StB Altstadt ohne Johannstadt";"männlich";"Ausländer";369
"2016";"02 Pirnaische Vorstadt";"StB 0 Altstadt";"01 StB Altstadt ohne Johannstadt";"weiblich";"Deutsche";2681
"2016";"02 Pirnaische Vorstadt";"StB 0 Altstadt";"01 StB Altstadt ohne Johannstadt";"weiblich";"Ausländer";363
"2016";"03 Seevorstadt-Ost";"StB 0 Altstadt";"01 StB Altstadt ohne Johannstadt";"männlich";"Deutsche";2943
"2016";"03 Seevorstadt-Ost";"StB 0 Altstadt";"01 StB Altstadt ohne Johannstadt";"männlich";"Ausländer";602
"2016";"03 Seevorstadt-Ost";"StB 0 Altstadt";"01 StB Altstadt ohne Johannstadt";"weiblich";"Deutsche";2979
"2016";"03 Seevorstadt-Ost";"StB 0 Altstadt";"01 StB Altstadt ohne Johannstadt";"weiblich";"Ausländer";477
"2016";"04 Wilsdruffer Vs./Seevs.-West";"StB 0 Altstadt";"01 StB Altstadt ohne Johannstadt";"männlich";"Deutsche";3331
"2016";"04 Wilsdruffer Vs./Seevs.-West";"StB 0 Altstadt";"01 StB Altstadt ohne Johannstadt";"männlich";"Ausländer";498
"2016";"04 Wilsdruffer Vs./Seevs.-West";"StB 0 Altstadt";"01 StB Altstadt ohne Johannstadt";"weiblich";"Deutsche";3919
"2016";"04 Wilsdruffer Vs./Seevs.-West";"StB 0 Altstadt";"01 StB Altstadt ohne Johannstadt";"weiblich";"Ausländer";408
"2016";"05 Friedrichstadt";"StB 0 Altstadt";"01 StB Altstadt ohne Johannstadt";"männlich";"Deutsche";3630
"2016";"05 Friedrichstadt";"StB 0 Altstadt";"01 StB Altstadt ohne Johannstadt";"männlich";"Ausländer";1261
"2016";"05 Friedrichstadt";"StB 0 Altstadt";"01 StB Altstadt ohne Johannstadt";"weiblich";"Deutsche";3262
"2016";"05 Friedrichstadt";"StB 0 Altstadt";"01 StB Altstadt ohne Johannstadt";"weiblich";"Ausländer";713
"2016";"06 Johannstadt-Nord";"StB 0 Altstadt";"02 Johannstadt";"männlich";"Deutsche";5072
"2016";"06 Johannstadt-Nord";"StB 0 Altstadt";"02 Johannstadt";"männlich";"Ausländer";844
"2016";"06 Johannstadt-Nord";"StB 0 Altstadt";"02 Johannstadt";"weiblich";"Deutsche";5754
"2016";"06 Johannstadt-Nord";"StB 0 Altstadt";"02 Johannstadt";"weiblich";"Ausländer";709
"2016";"07 Johannstadt-Süd";"StB 0 Altstadt";"02 Johannstadt";"männlich";"Deutsche";4834
"2016";"07 Johannstadt-Süd";"StB 0 Altstadt";"02 Johannstadt";"männlich";"Ausländer";575
"2016";"07 Johannstadt-Süd";"StB 0 Altstadt";"02 Johannstadt";"weiblich";"Deutsche";6231
"2016";"07 Johannstadt-Süd";"StB 0 Altstadt";"02 Johannstadt";"weiblich";"Ausländer";543
"2016";"11 Äußere Neustadt (Antonstadt)";"StB 1 Neustadt";"03 StB Neustadt ohne Leipziger Vorstadt";"männlich";"Deutsche";8465
"2016";"11 Äußere Neustadt (Antonstadt)";"StB 1 Neustadt";"03 StB Neustadt ohne Leipziger Vorstadt";"männlich";"Ausländer";983
"2016";"11 Äußere Neustadt (Antonstadt)";"StB 1 Neustadt";"03 StB Neustadt ohne Leipziger Vorstadt";"weiblich";"Deutsche";7709
"2016";"11 Äußere Neustadt (Antonstadt)";"StB 1 Neustadt";"03 StB Neustadt ohne Leipziger Vorstadt";"weiblich";"Ausländer";732
"2016";"12 Radeberger Vorstadt";"StB 1 Neustadt";"03 StB Neustadt ohne Leipziger Vorstadt";"männlich";"Deutsche";4180
"2016";"12 Radeberger Vorstadt";"StB 1 Neustadt";"03 StB Neustadt ohne Leipziger Vorstadt";"männlich";"Ausländer";268
"2016";"12 Radeberger Vorstadt";"StB 1 Neustadt";"03 StB Neustadt ohne Leipziger Vorstadt";"weiblich";"Deutsche";4082
"2016";"12 Radeberger Vorstadt";"StB 1 Neustadt";"03 StB Neustadt ohne Leipziger Vorstadt";"weiblich";"Ausländer";265
"2016";"13 Innere Neustadt";"StB 1 Neustadt";"03 StB Neustadt ohne Leipziger Vorstadt";"männlich";"Deutsche";3318
"2016";"13 Innere Neustadt";"StB 1 Neustadt";"03 StB Neustadt ohne Leipziger Vorstadt";"männlich";"Ausländer";448
"2016";"13 Innere Neustadt";"StB 1 Neustadt";"03 StB Neustadt ohne Leipziger Vorstadt";"weiblich";"Deutsche";3294
"2016";"13 Innere Neustadt";"StB 1 Neustadt";"03 StB Neustadt ohne Leipziger Vorstadt";"weiblich";"Ausländer";420
"2016";"14 Leipziger Vorstadt";"StB 1 Neustadt";"04 Leipziger Vorstadt, Pieschen";"männlich";"Deutsche";6276
"2016";"14 Leipziger Vorstadt";"StB 1 Neustadt";"04 Leipziger Vorstadt, Pieschen";"männlich";"Ausländer";678
"2016";"14 Leipziger Vorstadt";"StB 1 Neustadt";"04 Leipziger Vorstadt, Pieschen";"weiblich";"Deutsche";5589
"2016";"14 Leipziger Vorstadt";"StB 1 Neustadt";"04 Leipziger Vorstadt, Pieschen";"weiblich";"Ausländer";300
"2016";"15 Albertstadt";"StB 1 Neustadt";"03 StB Neustadt ohne Leipziger Vorstadt";"männlich";"Deutsche";1462
"2016";"15 Albertstadt";"StB 1 Neustadt";"03 StB Neustadt ohne Leipziger Vorstadt";"männlich";"Ausländer";138
"2016";"15 Albertstadt";"StB 1 Neustadt";"03 StB Neustadt ohne Leipziger Vorstadt";"weiblich";"Deutsche";1278
"2016";"15 Albertstadt";"StB 1 Neustadt";"03 StB Neustadt ohne Leipziger Vorstadt";"weiblich";"Ausländer";60
"2016";"21 Pieschen-Süd";"StB 2 Pieschen";"04 Leipziger Vorstadt, Pieschen";"männlich";"Deutsche";5574
"2016";"21 Pieschen-Süd";"StB 2 Pieschen";"04 Leipziger Vorstadt, Pieschen";"männlich";"Ausländer";424
"2016";"21 Pieschen-Süd";"StB 2 Pieschen";"04 Leipziger Vorstadt, Pieschen";"weiblich";"Deutsche";5468
"2016";"21 Pieschen-Süd";"StB 2 Pieschen";"04 Leipziger Vorstadt, Pieschen";"weiblich";"Ausländer";367
"2016";"22 Mickten";"StB 2 Pieschen";"05 Mickten, Kaditz, Trachau";"männlich";"Deutsche";6092
"2016";"22 Mickten";"StB 2 Pieschen";"05 Mickten, Kaditz, Trachau";"männlich";"Ausländer";376
"2016";"22 Mickten";"StB 2 Pieschen";"05 Mickten, Kaditz, Trachau";"weiblich";"Deutsche";6245
"2016";"22 Mickten";"StB 2 Pieschen";"05 Mickten, Kaditz, Trachau";"weiblich";"Ausländer";241
"2016";"23 Kaditz";"StB 2 Pieschen";"05 Mickten, Kaditz, Trachau";"männlich";"Deutsche";2684
"2016";"23 Kaditz";"StB 2 Pieschen";"05 Mickten, Kaditz, Trachau";"männlich";"Ausländer";122
"2016";"23 Kaditz";"StB 2 Pieschen";"05 Mickten, Kaditz, Trachau";"weiblich";"Deutsche";2736
"2016";"23 Kaditz";"StB 2 Pieschen";"05 Mickten, Kaditz, Trachau";"weiblich";"Ausländer";90
"2016";"24 Trachau";"StB 2 Pieschen";"05 Mickten, Kaditz, Trachau";"männlich";"Deutsche";4869
"2016";"24 Trachau";"StB 2 Pieschen";"05 Mickten, Kaditz, Trachau";"männlich";"Ausländer";95
"2016";"24 Trachau";"StB 2 Pieschen";"05 Mickten, Kaditz, Trachau";"weiblich";"Deutsche";5209
"2016";"24 Trachau";"StB 2 Pieschen";"05 Mickten, Kaditz, Trachau";"weiblich";"Ausländer";76
"2016";"25 Pieschen-N/Trachenberge";"StB 2 Pieschen";"04 Leipziger Vorstadt, Pieschen";"männlich";"Deutsche";6068
"2016";"25 Pieschen-N/Trachenberge";"StB 2 Pieschen";"04 Leipziger Vorstadt, Pieschen";"männlich";"Ausländer";334
"2016";"25 Pieschen-N/Trachenberge";"StB 2 Pieschen";"04 Leipziger Vorstadt, Pieschen";"weiblich";"Deutsche";6002
"2016";"25 Pieschen-N/Trachenberge";"StB 2 Pieschen";"04 Leipziger Vorstadt, Pieschen";"weiblich";"Ausländer";238
"2016";"31 Klotzsche";"StB 3 Klotzsche/nördliche Ortschaften";"06 StB Klotzsche und nördliche OS";"männlich";"Deutsche";6678
"2016";"31 Klotzsche";"StB 3 Klotzsche/nördliche Ortschaften";"06 StB Klotzsche und nördliche OS";"männlich";"Ausländer";248
"2016";"31 Klotzsche";"StB 3 Klotzsche/nördliche Ortschaften";"06 StB Klotzsche und nördliche OS";"weiblich";"Deutsche";6817
"2016";"31 Klotzsche";"StB 3 Klotzsche/nördliche Ortschaften";"06 StB Klotzsche und nördliche OS";"weiblich";"Ausländer";209
"2016";"32 Hellerau/Wilschdorf";"StB 3 Klotzsche/nördliche Ortschaften";"06 StB Klotzsche und nördliche OS";"männlich";"Deutsche";3114
"2016";"32 Hellerau/Wilschdorf";"StB 3 Klotzsche/nördliche Ortschaften";"06 StB Klotzsche und nördliche OS";"männlich";"Ausländer";33
"2016";"32 Hellerau/Wilschdorf";"StB 3 Klotzsche/nördliche Ortschaften";"06 StB Klotzsche und nördliche OS";"weiblich";"Deutsche";3124
"2016";"32 Hellerau/Wilschdorf";"StB 3 Klotzsche/nördliche Ortschaften";"06 StB Klotzsche und nördliche OS";"weiblich";"Ausländer";26
"2016";"35 Weixdorf";"StB 3 Klotzsche/nördliche Ortschaften";"06 StB Klotzsche und nördliche OS";"männlich";"Deutsche";2992
"2016";"35 Weixdorf";"StB 3 Klotzsche/nördliche Ortschaften";"06 StB Klotzsche und nördliche OS";"männlich";"Ausländer";42
"2016";"35 Weixdorf";"StB 3 Klotzsche/nördliche Ortschaften";"06 StB Klotzsche und nördliche OS";"weiblich";"Deutsche";2964
"2016";"35 Weixdorf";"StB 3 Klotzsche/nördliche Ortschaften";"06 StB Klotzsche und nördliche OS";"weiblich";"Ausländer";48
"2016";"36 Langebrück/Schönborn";"StB 3 Klotzsche/nördliche Ortschaften";"06 StB Klotzsche und nördliche OS";"männlich";"Deutsche";2115
"2016";"36 Langebrück/Schönborn";"StB 3 Klotzsche/nördliche Ortschaften";"06 StB Klotzsche und nördliche OS";"männlich";"Ausländer";64
"2016";"36 Langebrück/Schönborn";"StB 3 Klotzsche/nördliche Ortschaften";"06 StB Klotzsche und nördliche OS";"weiblich";"Deutsche";2196
"2016";"36 Langebrück/Schönborn";"StB 3 Klotzsche/nördliche Ortschaften";"06 StB Klotzsche und nördliche OS";"weiblich";"Ausländer";55
"2016";"41 Loschwitz/Wachwitz";"StB 4 Loschwitz/OS Schönfeld-Weißig";"07 StB Loschwitz und OS Schönfeld-Weißig";"männlich";"Deutsche";2626
"2016";"41 Loschwitz/Wachwitz";"StB 4 Loschwitz/OS Schönfeld-Weißig";"07 StB Loschwitz und OS Schönfeld-Weißig";"männlich";"Ausländer";77
"2016";"41 Loschwitz/Wachwitz";"StB 4 Loschwitz/OS Schönfeld-Weißig";"07 StB Loschwitz und OS Schönfeld-Weißig";"weiblich";"Deutsche";2810
"2016";"41 Loschwitz/Wachwitz";"StB 4 Loschwitz/OS Schönfeld-Weißig";"07 StB Loschwitz und OS Schönfeld-Weißig";"weiblich";"Ausländer";96
"2016";"42 Bühlau/Weißer Hirsch";"StB 4 Loschwitz/OS Schönfeld-Weißig";"07 StB Loschwitz und OS Schönfeld-Weißig";"männlich";"Deutsche";5271
"2016";"42 Bühlau/Weißer Hirsch";"StB 4 Loschwitz/OS Schönfeld-Weißig";"07 StB Loschwitz und OS Schönfeld-Weißig";"männlich";"Ausländer";170
"2016";"42 Bühlau/Weißer Hirsch";"StB 4 Loschwitz/OS Schönfeld-Weißig";"07 StB Loschwitz und OS Schönfeld-Weißig";"weiblich";"Deutsche";5828
"2016";"42 Bühlau/Weißer Hirsch";"StB 4 Loschwitz/OS Schönfeld-Weißig";"07 StB Loschwitz und OS Schönfeld-Weißig";"weiblich";"Ausländer";176
"2016";"43 Hosterwitz/Pillnitz";"StB 4 Loschwitz/OS Schönfeld-Weißig";"07 StB Loschwitz und OS Schönfeld-Weißig";"männlich";"Deutsche";1595
"2016";"43 Hosterwitz/Pillnitz";"StB 4 Loschwitz/OS Schönfeld-Weißig";"07 StB Loschwitz und OS Schönfeld-Weißig";"männlich";"Ausländer";93
"2016";"43 Hosterwitz/Pillnitz";"StB 4 Loschwitz/OS Schönfeld-Weißig";"07 StB Loschwitz und OS Schönfeld-Weißig";"weiblich";"Deutsche";1711
"2016";"43 Hosterwitz/Pillnitz";"StB 4 Loschwitz/OS Schönfeld-Weißig";"07 StB Loschwitz und OS Schönfeld-Weißig";"weiblich";"Ausländer";35
"2016";"45 Weißig";"StB 4 Loschwitz/OS Schönfeld-Weißig";"07 StB Loschwitz und OS Schönfeld-Weißig";"männlich";"Deutsche";2687
"2016";"45 Weißig";"StB 4 Loschwitz/OS Schönfeld-Weißig";"07 StB Loschwitz und OS Schönfeld-Weißig";"männlich";"Ausländer";90
"2016";"45 Weißig";"StB 4 Loschwitz/OS Schönfeld-Weißig";"07 StB Loschwitz und OS Schönfeld-Weißig";"weiblich";"Deutsche";2866
"2016";"45 Weißig";"StB 4 Loschwitz/OS Schönfeld-Weißig";"07 StB Loschwitz und OS Schönfeld-Weißig";"weiblich";"Ausländer";89
"2016";"46 Gönnsdorf/Pappritz";"StB 4 Loschwitz/OS Schönfeld-Weißig";"07 StB Loschwitz und OS Schönfeld-Weißig";"männlich";"Deutsche";1999
"2016";"46 Gönnsdorf/Pappritz";"StB 4 Loschwitz/OS Schönfeld-Weißig";"07 StB Loschwitz und OS Schönfeld-Weißig";"männlich";"Ausländer";85
"2016";"46 Gönnsdorf/Pappritz";"StB 4 Loschwitz/OS Schönfeld-Weißig";"07 StB Loschwitz und OS Schönfeld-Weißig";"weiblich";"Deutsche";1930
"2016";"46 Gönnsdorf/Pappritz";"StB 4 Loschwitz/OS Schönfeld-Weißig";"07 StB Loschwitz und OS Schönfeld-Weißig";"weiblich";"Ausländer";46
"2016";"47 Schönfeld/Schullwitz";"StB 4 Loschwitz/OS Schönfeld-Weißig";"07 StB Loschwitz und OS Schönfeld-Weißig";"männlich";"Deutsche";1649
"2016";"47 Schönfeld/Schullwitz";"StB 4 Loschwitz/OS Schönfeld-Weißig";"07 StB Loschwitz und OS Schönfeld-Weißig";"männlich";"Ausländer";11
"2016";"47 Schönfeld/Schullwitz";"StB 4 Loschwitz/OS Schönfeld-Weißig";"07 StB Loschwitz und OS Schönfeld-Weißig";"weiblich";"Deutsche";1600
"2016";"47 Schönfeld/Schullwitz";"StB 4 Loschwitz/OS Schönfeld-Weißig";"07 StB Loschwitz und OS Schönfeld-Weißig";"weiblich";"Ausländer";11
"2016";"51 Blasewitz";"StB 5 Blasewitz";"08 Blasewitz, Striesen";"männlich";"Deutsche";4616
"2016";"51 Blasewitz";"StB 5 Blasewitz";"08 Blasewitz, Striesen";"männlich";"Ausländer";220
"2016";"51 Blasewitz";"StB 5 Blasewitz";"08 Blasewitz, Striesen";"weiblich";"Deutsche";5154
"2016";"51 Blasewitz";"StB 5 Blasewitz";"08 Blasewitz, Striesen";"weiblich";"Ausländer";236
"2016";"52 Striesen-Ost";"StB 5 Blasewitz";"08 Blasewitz, Striesen";"männlich";"Deutsche";6995
"2016";"52 Striesen-Ost";"StB 5 Blasewitz";"08 Blasewitz, Striesen";"männlich";"Ausländer";303
"2016";"52 Striesen-Ost";"StB 5 Blasewitz";"08 Blasewitz, Striesen";"weiblich";"Deutsche";7454
"2016";"52 Striesen-Ost";"StB 5 Blasewitz";"08 Blasewitz, Striesen";"weiblich";"Ausländer";310
"2016";"53 Striesen-Süd";"StB 5 Blasewitz";"08 Blasewitz, Striesen";"männlich";"Deutsche";4847
"2016";"53 Striesen-Süd";"StB 5 Blasewitz";"08 Blasewitz, Striesen";"männlich";"Ausländer";399
"2016";"53 Striesen-Süd";"StB 5 Blasewitz";"08 Blasewitz, Striesen";"weiblich";"Deutsche";5352
"2016";"53 Striesen-Süd";"StB 5 Blasewitz";"08 Blasewitz, Striesen";"weiblich";"Ausländer";344
"2016";"54 Striesen-West";"StB 5 Blasewitz";"08 Blasewitz, Striesen";"männlich";"Deutsche";5932
"2016";"54 Striesen-West";"StB 5 Blasewitz";"08 Blasewitz, Striesen";"männlich";"Ausländer";307
"2016";"54 Striesen-West";"StB 5 Blasewitz";"08 Blasewitz, Striesen";"weiblich";"Deutsche";6712
"2016";"54 Striesen-West";"StB 5 Blasewitz";"08 Blasewitz, Striesen";"weiblich";"Ausländer";338
"2016";"55 Tolkewitz/Seidnitz-Nord";"StB 5 Blasewitz";"09 Tolkewitz, Seidnitz, Gruna";"männlich";"Deutsche";5102
"2016";"55 Tolkewitz/Seidnitz-Nord";"StB 5 Blasewitz";"09 Tolkewitz, Seidnitz, Gruna";"männlich";"Ausländer";284
"2016";"55 Tolkewitz/Seidnitz-Nord";"StB 5 Blasewitz";"09 Tolkewitz, Seidnitz, Gruna";"weiblich";"Deutsche";5769
"2016";"55 Tolkewitz/Seidnitz-Nord";"StB 5 Blasewitz";"09 Tolkewitz, Seidnitz, Gruna";"weiblich";"Ausländer";190
"2016";"56 Seidnitz/Dobritz";"StB 5 Blasewitz";"09 Tolkewitz, Seidnitz, Gruna";"männlich";"Deutsche";6258
"2016";"56 Seidnitz/Dobritz";"StB 5 Blasewitz";"09 Tolkewitz, Seidnitz, Gruna";"männlich";"Ausländer";174
"2016";"56 Seidnitz/Dobritz";"StB 5 Blasewitz";"09 Tolkewitz, Seidnitz, Gruna";"weiblich";"Deutsche";6758
"2016";"56 Seidnitz/Dobritz";"StB 5 Blasewitz";"09 Tolkewitz, Seidnitz, Gruna";"weiblich";"Ausländer";174
"2016";"57 Gruna";"StB 5 Blasewitz";"09 Tolkewitz, Seidnitz, Gruna";"männlich";"Deutsche";5950
"2016";"57 Gruna";"StB 5 Blasewitz";"09 Tolkewitz, Seidnitz, Gruna";"männlich";"Ausländer";274
"2016";"57 Gruna";"StB 5 Blasewitz";"09 Tolkewitz, Seidnitz, Gruna";"weiblich";"Deutsche";6729
"2016";"57 Gruna";"StB 5 Blasewitz";"09 Tolkewitz, Seidnitz, Gruna";"weiblich";"Ausländer";275
"2016";"61 Leuben";"StB 6 Leuben";"10 StB Leuben";"männlich";"Deutsche";5476
"2016";"61 Leuben";"StB 6 Leuben";"10 StB Leuben";"männlich";"Ausländer";244
"2016";"61 Leuben";"StB 6 Leuben";"10 StB Leuben";"weiblich";"Deutsche";6132
"2016";"61 Leuben";"StB 6 Leuben";"10 StB Leuben";"weiblich";"Ausländer";173
"2016";"62 Laubegast";"StB 6 Leuben";"10 StB Leuben";"männlich";"Deutsche";5813
"2016";"62 Laubegast";"StB 6 Leuben";"10 StB Leuben";"männlich";"Ausländer";114
"2016";"62 Laubegast";"StB 6 Leuben";"10 StB Leuben";"weiblich";"Deutsche";6166
"2016";"62 Laubegast";"StB 6 Leuben";"10 StB Leuben";"weiblich";"Ausländer";106
"2016";"63 Kleinzschachwitz";"StB 6 Leuben";"10 StB Leuben";"männlich";"Deutsche";4219
"2016";"63 Kleinzschachwitz";"StB 6 Leuben";"10 StB Leuben";"männlich";"Ausländer";45
"2016";"63 Kleinzschachwitz";"StB 6 Leuben";"10 StB Leuben";"weiblich";"Deutsche";4368
"2016";"63 Kleinzschachwitz";"StB 6 Leuben";"10 StB Leuben";"weiblich";"Ausländer";61
"2016";"64 Großzschachwitz";"StB 6 Leuben";"10 StB Leuben";"männlich";"Deutsche";3049
"2016";"64 Großzschachwitz";"StB 6 Leuben";"10 StB Leuben";"männlich";"Ausländer";115
"2016";"64 Großzschachwitz";"StB 6 Leuben";"10 StB Leuben";"weiblich";"Deutsche";3180
"2016";"64 Großzschachwitz";"StB 6 Leuben";"10 StB Leuben";"weiblich";"Ausländer";71
"2016";"71 Prohlis-Nord";"StB 7 Prohlis";"11 Prohlis, Reick (mit Sternhäuser, Am Koitschgraben)";"männlich";"Deutsche";2731
"2016";"71 Prohlis-Nord";"StB 7 Prohlis";"11 Prohlis, Reick (mit Sternhäuser, Am Koitschgraben)";"männlich";"Ausländer";328
"2016";"71 Prohlis-Nord";"StB 7 Prohlis";"11 Prohlis, Reick (mit Sternhäuser, Am Koitschgraben)";"weiblich";"Deutsche";2921
"2016";"71 Prohlis-Nord";"StB 7 Prohlis";"11 Prohlis, Reick (mit Sternhäuser, Am Koitschgraben)";"weiblich";"Ausländer";182
"2016";"72 Prohlis-Süd";"StB 7 Prohlis";"11 Prohlis, Reick (mit Sternhäuser, Am Koitschgraben)";"männlich";"Deutsche";3890
"2016";"72 Prohlis-Süd";"StB 7 Prohlis";"11 Prohlis, Reick (mit Sternhäuser, Am Koitschgraben)";"männlich";"Ausländer";535
"2016";"72 Prohlis-Süd";"StB 7 Prohlis";"11 Prohlis, Reick (mit Sternhäuser, Am Koitschgraben)";"weiblich";"Deutsche";4029
"2016";"72 Prohlis-Süd";"StB 7 Prohlis";"11 Prohlis, Reick (mit Sternhäuser, Am Koitschgraben)";"weiblich";"Ausländer";308
"2016";"73 Niedersedlitz";"StB 7 Prohlis";"12 Niedersedlitz, Leubnitz, Strehlen (ohne Sternhäuser, Am Koitschgraben)";"männlich";"Deutsche";2831
"2016";"73 Niedersedlitz";"StB 7 Prohlis";"12 Niedersedlitz, Leubnitz, Strehlen (ohne Sternhäuser, Am Koitschgraben)";"männlich";"Ausländer";135
"2016";"73 Niedersedlitz";"StB 7 Prohlis";"12 Niedersedlitz, Leubnitz, Strehlen (ohne Sternhäuser, Am Koitschgraben)";"weiblich";"Deutsche";2934
"2016";"73 Niedersedlitz";"StB 7 Prohlis";"12 Niedersedlitz, Leubnitz, Strehlen (ohne Sternhäuser, Am Koitschgraben)";"weiblich";"Ausländer";41
"2016";"74 Lockwitz";"StB 7 Prohlis";"12 Niedersedlitz, Leubnitz, Strehlen (ohne Sternhäuser, Am Koitschgraben)";"männlich";"Deutsche";3300
"2016";"74 Lockwitz";"StB 7 Prohlis";"12 Niedersedlitz, Leubnitz, Strehlen (ohne Sternhäuser, Am Koitschgraben)";"männlich";"Ausländer";109
"2016";"74 Lockwitz";"StB 7 Prohlis";"12 Niedersedlitz, Leubnitz, Strehlen (ohne Sternhäuser, Am Koitschgraben)";"weiblich";"Deutsche";3284
"2016";"74 Lockwitz";"StB 7 Prohlis";"12 Niedersedlitz, Leubnitz, Strehlen (ohne Sternhäuser, Am Koitschgraben)";"weiblich";"Ausländer";55
"2016";"75 Leubnitz-Neuostra";"StB 7 Prohlis";"12 Niedersedlitz, Leubnitz, Strehlen (ohne Sternhäuser, Am Koitschgraben)";"männlich";"Deutsche";6749
"2016";"75 Leubnitz-Neuostra";"StB 7 Prohlis";"12 Niedersedlitz, Leubnitz, Strehlen (ohne Sternhäuser, Am Koitschgraben)";"männlich";"Ausländer";243
"2016";"75 Leubnitz-Neuostra";"StB 7 Prohlis";"12 Niedersedlitz, Leubnitz, Strehlen (ohne Sternhäuser, Am Koitschgraben)";"weiblich";"Deutsche";6974
"2016";"75 Leubnitz-Neuostra";"StB 7 Prohlis";"12 Niedersedlitz, Leubnitz, Strehlen (ohne Sternhäuser, Am Koitschgraben)";"weiblich";"Ausländer";192
"2016";"76 Strehlen";"StB 7 Prohlis";"11 Prohlis, Reick (mit Sternhäuser, Am Koitschgraben)";"männlich";"Deutsche";1435
"2016";"76 Strehlen";"StB 7 Prohlis";"11 Prohlis, Reick (mit Sternhäuser, Am Koitschgraben)";"männlich";"Ausländer";432
"2016";"76 Strehlen";"StB 7 Prohlis";"11 Prohlis, Reick (mit Sternhäuser, Am Koitschgraben)";"weiblich";"Deutsche";1231
"2016";"76 Strehlen";"StB 7 Prohlis";"11 Prohlis, Reick (mit Sternhäuser, Am Koitschgraben)";"weiblich";"Ausländer";197
"2016";"76 Strehlen";"StB 7 Prohlis";"12 Niedersedlitz, Leubnitz, Strehlen (ohne Sternhäuser, Am Koitschgraben)";"männlich";"Deutsche";3435
"2016";"76 Strehlen";"StB 7 Prohlis";"12 Niedersedlitz, Leubnitz, Strehlen (ohne Sternhäuser, Am Koitschgraben)";"männlich";"Ausländer";226
"2016";"76 Strehlen";"StB 7 Prohlis";"12 Niedersedlitz, Leubnitz, Strehlen (ohne Sternhäuser, Am Koitschgraben)";"weiblich";"Deutsche";3604
"2016";"76 Strehlen";"StB 7 Prohlis";"12 Niedersedlitz, Leubnitz, Strehlen (ohne Sternhäuser, Am Koitschgraben)";"weiblich";"Ausländer";210
"2016";"77 Reick";"StB 7 Prohlis";"11 Prohlis, Reick (mit Sternhäuser, Am Koitschgraben)";"männlich";"Deutsche";2333
"2016";"77 Reick";"StB 7 Prohlis";"11 Prohlis, Reick (mit Sternhäuser, Am Koitschgraben)";"männlich";"Ausländer";199
"2016";"77 Reick";"StB 7 Prohlis";"11 Prohlis, Reick (mit Sternhäuser, Am Koitschgraben)";"weiblich";"Deutsche";2656
"2016";"77 Reick";"StB 7 Prohlis";"11 Prohlis, Reick (mit Sternhäuser, Am Koitschgraben)";"weiblich";"Ausländer";150
"2016";"81 Südvorstadt-West";"StB 8 Plauen";"13 Südvorstadt, Zschertnitz";"männlich";"Deutsche";5506
"2016";"81 Südvorstadt-West";"StB 8 Plauen";"13 Südvorstadt, Zschertnitz";"männlich";"Ausländer";1111
"2016";"81 Südvorstadt-West";"StB 8 Plauen";"13 Südvorstadt, Zschertnitz";"weiblich";"Deutsche";5347
"2016";"81 Südvorstadt-West";"StB 8 Plauen";"13 Südvorstadt, Zschertnitz";"weiblich";"Ausländer";863
"2016";"82 Südvorstadt-Ost";"StB 8 Plauen";"13 Südvorstadt, Zschertnitz";"männlich";"Deutsche";3503
"2016";"82 Südvorstadt-Ost";"StB 8 Plauen";"13 Südvorstadt, Zschertnitz";"männlich";"Ausländer";1478
"2016";"82 Südvorstadt-Ost";"StB 8 Plauen";"13 Südvorstadt, Zschertnitz";"weiblich";"Deutsche";2687
"2016";"82 Südvorstadt-Ost";"StB 8 Plauen";"13 Südvorstadt, Zschertnitz";"weiblich";"Ausländer";875
"2016";"83 Räcknitz/Zschertnitz";"StB 8 Plauen";"13 Südvorstadt, Zschertnitz";"männlich";"Deutsche";4449
"2016";"83 Räcknitz/Zschertnitz";"StB 8 Plauen";"13 Südvorstadt, Zschertnitz";"männlich";"Ausländer";536
"2016";"83 Räcknitz/Zschertnitz";"StB 8 Plauen";"13 Südvorstadt, Zschertnitz";"weiblich";"Deutsche";4510
"2016";"83 Räcknitz/Zschertnitz";"StB 8 Plauen";"13 Südvorstadt, Zschertnitz";"weiblich";"Ausländer";333
"2016";"84 Kleinpestitz/Mockritz";"StB 8 Plauen";"14 Mockritz, Coschütz, Plauen";"männlich";"Deutsche";3572
"2016";"84 Kleinpestitz/Mockritz";"StB 8 Plauen";"14 Mockritz, Coschütz, Plauen";"männlich";"Ausländer";87
"2016";"84 Kleinpestitz/Mockritz";"StB 8 Plauen";"14 Mockritz, Coschütz, Plauen";"weiblich";"Deutsche";3614
"2016";"84 Kleinpestitz/Mockritz";"StB 8 Plauen";"14 Mockritz, Coschütz, Plauen";"weiblich";"Ausländer";93
"2016";"85 Coschütz/Gittersee";"StB 8 Plauen";"14 Mockritz, Coschütz, Plauen";"männlich";"Deutsche";2827
"2016";"85 Coschütz/Gittersee";"StB 8 Plauen";"14 Mockritz, Coschütz, Plauen";"männlich";"Ausländer";179
"2016";"85 Coschütz/Gittersee";"StB 8 Plauen";"14 Mockritz, Coschütz, Plauen";"weiblich";"Deutsche";2764
"2016";"85 Coschütz/Gittersee";"StB 8 Plauen";"14 Mockritz, Coschütz, Plauen";"weiblich";"Ausländer";77
"2016";"86 Plauen";"StB 8 Plauen";"14 Mockritz, Coschütz, Plauen";"männlich";"Deutsche";5573
"2016";"86 Plauen";"StB 8 Plauen";"14 Mockritz, Coschütz, Plauen";"männlich";"Ausländer";348
"2016";"86 Plauen";"StB 8 Plauen";"14 Mockritz, Coschütz, Plauen";"weiblich";"Deutsche";5497
"2016";"86 Plauen";"StB 8 Plauen";"14 Mockritz, Coschütz, Plauen";"weiblich";"Ausländer";339
"2016";"90 Cossebaude/Mobschatz/Oberw.";"StB 9 Cotta/westliche Ortschaften";"17 Briesnitz und westliche OS";"männlich";"Deutsche";3682
"2016";"90 Cossebaude/Mobschatz/Oberw.";"StB 9 Cotta/westliche Ortschaften";"17 Briesnitz und westliche OS";"männlich";"Ausländer";86
"2016";"90 Cossebaude/Mobschatz/Oberw.";"StB 9 Cotta/westliche Ortschaften";"17 Briesnitz und westliche OS";"weiblich";"Deutsche";3787
"2016";"90 Cossebaude/Mobschatz/Oberw.";"StB 9 Cotta/westliche Ortschaften";"17 Briesnitz und westliche OS";"weiblich";"Ausländer";69
"2016";"91 Cotta";"StB 9 Cotta/westliche Ortschaften";"15 Cotta, Löbtau, Naußlitz, Dölzschen";"männlich";"Deutsche";5374
"2016";"91 Cotta";"StB 9 Cotta/westliche Ortschaften";"15 Cotta, Löbtau, Naußlitz, Dölzschen";"männlich";"Ausländer";230
"2016";"91 Cotta";"StB 9 Cotta/westliche Ortschaften";"15 Cotta, Löbtau, Naußlitz, Dölzschen";"weiblich";"Deutsche";5458
"2016";"91 Cotta";"StB 9 Cotta/westliche Ortschaften";"15 Cotta, Löbtau, Naußlitz, Dölzschen";"weiblich";"Ausländer";192
"2016";"92 Löbtau-Nord";"StB 9 Cotta/westliche Ortschaften";"15 Cotta, Löbtau, Naußlitz, Dölzschen";"männlich";"Deutsche";4245
"2016";"92 Löbtau-Nord";"StB 9 Cotta/westliche Ortschaften";"15 Cotta, Löbtau, Naußlitz, Dölzschen";"männlich";"Ausländer";303
"2016";"92 Löbtau-Nord";"StB 9 Cotta/westliche Ortschaften";"15 Cotta, Löbtau, Naußlitz, Dölzschen";"weiblich";"Deutsche";4136
"2016";"92 Löbtau-Nord";"StB 9 Cotta/westliche Ortschaften";"15 Cotta, Löbtau, Naußlitz, Dölzschen";"weiblich";"Ausländer";268
"2016";"93 Löbtau-Süd";"StB 9 Cotta/westliche Ortschaften";"15 Cotta, Löbtau, Naußlitz, Dölzschen";"männlich";"Deutsche";5616
"2016";"93 Löbtau-Süd";"StB 9 Cotta/westliche Ortschaften";"15 Cotta, Löbtau, Naußlitz, Dölzschen";"männlich";"Ausländer";321
"2016";"93 Löbtau-Süd";"StB 9 Cotta/westliche Ortschaften";"15 Cotta, Löbtau, Naußlitz, Dölzschen";"weiblich";"Deutsche";5144
"2016";"93 Löbtau-Süd";"StB 9 Cotta/westliche Ortschaften";"15 Cotta, Löbtau, Naußlitz, Dölzschen";"weiblich";"Ausländer";268
"2016";"94 Naußlitz";"StB 9 Cotta/westliche Ortschaften";"15 Cotta, Löbtau, Naußlitz, Dölzschen";"männlich";"Deutsche";4513
"2016";"94 Naußlitz";"StB 9 Cotta/westliche Ortschaften";"15 Cotta, Löbtau, Naußlitz, Dölzschen";"männlich";"Ausländer";104
"2016";"94 Naußlitz";"StB 9 Cotta/westliche Ortschaften";"15 Cotta, Löbtau, Naußlitz, Dölzschen";"weiblich";"Deutsche";4526
"2016";"94 Naußlitz";"StB 9 Cotta/westliche Ortschaften";"15 Cotta, Löbtau, Naußlitz, Dölzschen";"weiblich";"Ausländer";105
"2016";"95 Gorbitz-Süd";"StB 9 Cotta/westliche Ortschaften";"16 Gorbitz";"männlich";"Deutsche";3939
"2016";"95 Gorbitz-Süd";"StB 9 Cotta/westliche Ortschaften";"16 Gorbitz";"männlich";"Ausländer";827
"2016";"95 Gorbitz-Süd";"StB 9 Cotta/westliche Ortschaften";"16 Gorbitz";"weiblich";"Deutsche";3672
"2016";"95 Gorbitz-Süd";"StB 9 Cotta/westliche Ortschaften";"16 Gorbitz";"weiblich";"Ausländer";390
"2016";"96 Gorbitz-Ost";"StB 9 Cotta/westliche Ortschaften";"16 Gorbitz";"männlich";"Deutsche";2758
"2016";"96 Gorbitz-Ost";"StB 9 Cotta/westliche Ortschaften";"16 Gorbitz";"männlich";"Ausländer";199
"2016";"96 Gorbitz-Ost";"StB 9 Cotta/westliche Ortschaften";"16 Gorbitz";"weiblich";"Deutsche";3061
"2016";"96 Gorbitz-Ost";"StB 9 Cotta/westliche Ortschaften";"16 Gorbitz";"weiblich";"Ausländer";116
"2016";"97 Gorbitz-Nord/Neu-Omsewitz";"StB 9 Cotta/westliche Ortschaften";"16 Gorbitz";"männlich";"Deutsche";2697
"2016";"97 Gorbitz-Nord/Neu-Omsewitz";"StB 9 Cotta/westliche Ortschaften";"16 Gorbitz";"männlich";"Ausländer";547
"2016";"97 Gorbitz-Nord/Neu-Omsewitz";"StB 9 Cotta/westliche Ortschaften";"16 Gorbitz";"weiblich";"Deutsche";2542
"2016";"97 Gorbitz-Nord/Neu-Omsewitz";"StB 9 Cotta/westliche Ortschaften";"16 Gorbitz";"weiblich";"Ausländer";276
"2016";"98 Briesnitz";"StB 9 Cotta/westliche Ortschaften";"17 Briesnitz und westliche OS";"männlich";"Deutsche";5399
"2016";"98 Briesnitz";"StB 9 Cotta/westliche Ortschaften";"17 Briesnitz und westliche OS";"männlich";"Ausländer";200
"2016";"98 Briesnitz";"StB 9 Cotta/westliche Ortschaften";"17 Briesnitz und westliche OS";"weiblich";"Deutsche";5450
"2016";"98 Briesnitz";"StB 9 Cotta/westliche Ortschaften";"17 Briesnitz und westliche OS";"weiblich";"Ausländer";91
"2016";"99 Altfranken/Gompitz";"StB 9 Cotta/westliche Ortschaften";"17 Briesnitz und westliche OS";"männlich";"Deutsche";2169
"2016";"99 Altfranken/Gompitz";"StB 9 Cotta/westliche Ortschaften";"17 Briesnitz und westliche OS";"männlich";"Ausländer";28
"2016";"99 Altfranken/Gompitz";"StB 9 Cotta/westliche Ortschaften";"17 Briesnitz und westliche OS";"weiblich";"Deutsche";2161
"2016";"99 Altfranken/Gompitz";"StB 9 Cotta/westliche Ortschaften";"17 Briesnitz und westliche OS";"weiblich";"Ausländer";16
