"Jahr";"Stadtteil zus.";"Stadtbezirk mit zugeordneten Ortschaften";"Stadtraum";"Haushalt-Größe-5";"Anzahl Einwohner";"Anzahl Haushalte"
"2015";"01 Innere Altstadt";"StB 0 Altstadt";"01 StB Altstadt ohne Johannstadt";"1-Pers-Haush.";739;739
"2015";"01 Innere Altstadt";"StB 0 Altstadt";"01 StB Altstadt ohne Johannstadt";"2-Pers-Haush.";586;293
"2015";"01 Innere Altstadt";"StB 0 Altstadt";"01 StB Altstadt ohne Johannstadt";"3-Pers-Haush.";168;56
"2015";"01 Innere Altstadt";"StB 0 Altstadt";"01 StB Altstadt ohne Johannstadt";"4-Pers-Haush.";84;21
"2015";"01 Innere Altstadt";"StB 0 Altstadt";"01 StB Altstadt ohne Johannstadt";"5-u.m.-Pers-Hh.";42;8
"2015";"02 Pirnaische Vorstadt";"StB 0 Altstadt";"01 StB Altstadt ohne Johannstadt";"1-Pers-Haush.";2674;2674
"2015";"02 Pirnaische Vorstadt";"StB 0 Altstadt";"01 StB Altstadt ohne Johannstadt";"2-Pers-Haush.";1936;968
"2015";"02 Pirnaische Vorstadt";"StB 0 Altstadt";"01 StB Altstadt ohne Johannstadt";"3-Pers-Haush.";591;197
"2015";"02 Pirnaische Vorstadt";"StB 0 Altstadt";"01 StB Altstadt ohne Johannstadt";"4-Pers-Haush.";328;82
"2015";"02 Pirnaische Vorstadt";"StB 0 Altstadt";"01 StB Altstadt ohne Johannstadt";"5-u.m.-Pers-Hh.";105;19
"2015";"03 Seevorstadt-Ost";"StB 0 Altstadt";"01 StB Altstadt ohne Johannstadt";"1-Pers-Haush.";2481;2481
"2015";"03 Seevorstadt-Ost";"StB 0 Altstadt";"01 StB Altstadt ohne Johannstadt";"2-Pers-Haush.";2518;1259
"2015";"03 Seevorstadt-Ost";"StB 0 Altstadt";"01 StB Altstadt ohne Johannstadt";"3-Pers-Haush.";666;222
"2015";"03 Seevorstadt-Ost";"StB 0 Altstadt";"01 StB Altstadt ohne Johannstadt";"4-Pers-Haush.";368;92
"2015";"03 Seevorstadt-Ost";"StB 0 Altstadt";"01 StB Altstadt ohne Johannstadt";"5-u.m.-Pers-Hh.";204;37
"2015";"04 Wilsdruffer Vs./Seevs.-West";"StB 0 Altstadt";"01 StB Altstadt ohne Johannstadt";"1-Pers-Haush.";3195;3195
"2015";"04 Wilsdruffer Vs./Seevs.-West";"StB 0 Altstadt";"01 StB Altstadt ohne Johannstadt";"2-Pers-Haush.";3102;1551
"2015";"04 Wilsdruffer Vs./Seevs.-West";"StB 0 Altstadt";"01 StB Altstadt ohne Johannstadt";"3-Pers-Haush.";771;257
"2015";"04 Wilsdruffer Vs./Seevs.-West";"StB 0 Altstadt";"01 StB Altstadt ohne Johannstadt";"4-Pers-Haush.";588;147
"2015";"04 Wilsdruffer Vs./Seevs.-West";"StB 0 Altstadt";"01 StB Altstadt ohne Johannstadt";"5-u.m.-Pers-Hh.";152;29
"2015";"05 Friedrichstadt";"StB 0 Altstadt";"01 StB Altstadt ohne Johannstadt";"1-Pers-Haush.";3106;3106
"2015";"05 Friedrichstadt";"StB 0 Altstadt";"01 StB Altstadt ohne Johannstadt";"2-Pers-Haush.";2024;1012
"2015";"05 Friedrichstadt";"StB 0 Altstadt";"01 StB Altstadt ohne Johannstadt";"3-Pers-Haush.";900;300
"2015";"05 Friedrichstadt";"StB 0 Altstadt";"01 StB Altstadt ohne Johannstadt";"4-Pers-Haush.";700;175
"2015";"05 Friedrichstadt";"StB 0 Altstadt";"01 StB Altstadt ohne Johannstadt";"5-u.m.-Pers-Hh.";359;66
"2015";"06 Johannstadt-Nord";"StB 0 Altstadt";"02 Johannstadt";"1-Pers-Haush.";3525;3525
"2015";"06 Johannstadt-Nord";"StB 0 Altstadt";"02 Johannstadt";"2-Pers-Haush.";3992;1996
"2015";"06 Johannstadt-Nord";"StB 0 Altstadt";"02 Johannstadt";"3-Pers-Haush.";1656;552
"2015";"06 Johannstadt-Nord";"StB 0 Altstadt";"02 Johannstadt";"4-Pers-Haush.";1656;414
"2015";"06 Johannstadt-Nord";"StB 0 Altstadt";"02 Johannstadt";"5-u.m.-Pers-Hh.";741;141
"2015";"07 Johannstadt-Süd";"StB 0 Altstadt";"02 Johannstadt";"1-Pers-Haush.";3993;3993
"2015";"07 Johannstadt-Süd";"StB 0 Altstadt";"02 Johannstadt";"2-Pers-Haush.";5080;2540
"2015";"07 Johannstadt-Süd";"StB 0 Altstadt";"02 Johannstadt";"3-Pers-Haush.";1206;402
"2015";"07 Johannstadt-Süd";"StB 0 Altstadt";"02 Johannstadt";"4-Pers-Haush.";828;207
"2015";"07 Johannstadt-Süd";"StB 0 Altstadt";"02 Johannstadt";"5-u.m.-Pers-Hh.";214;42
"2015";"11 Äußere Neustadt (Antonstadt)";"StB 1 Neustadt";"03 StB Neustadt ohne Leipziger Vorstadt";"1-Pers-Haush.";7709;7709
"2015";"11 Äußere Neustadt (Antonstadt)";"StB 1 Neustadt";"03 StB Neustadt ohne Leipziger Vorstadt";"2-Pers-Haush.";3816;1908
"2015";"11 Äußere Neustadt (Antonstadt)";"StB 1 Neustadt";"03 StB Neustadt ohne Leipziger Vorstadt";"3-Pers-Haush.";2691;897
"2015";"11 Äußere Neustadt (Antonstadt)";"StB 1 Neustadt";"03 StB Neustadt ohne Leipziger Vorstadt";"4-Pers-Haush.";2368;592
"2015";"11 Äußere Neustadt (Antonstadt)";"StB 1 Neustadt";"03 StB Neustadt ohne Leipziger Vorstadt";"5-u.m.-Pers-Hh.";940;181
"2015";"12 Radeberger Vorstadt";"StB 1 Neustadt";"03 StB Neustadt ohne Leipziger Vorstadt";"1-Pers-Haush.";2315;2315
"2015";"12 Radeberger Vorstadt";"StB 1 Neustadt";"03 StB Neustadt ohne Leipziger Vorstadt";"2-Pers-Haush.";2338;1169
"2015";"12 Radeberger Vorstadt";"StB 1 Neustadt";"03 StB Neustadt ohne Leipziger Vorstadt";"3-Pers-Haush.";1620;540
"2015";"12 Radeberger Vorstadt";"StB 1 Neustadt";"03 StB Neustadt ohne Leipziger Vorstadt";"4-Pers-Haush.";1772;443
"2015";"12 Radeberger Vorstadt";"StB 1 Neustadt";"03 StB Neustadt ohne Leipziger Vorstadt";"5-u.m.-Pers-Hh.";739;141
"2015";"13 Innere Neustadt";"StB 1 Neustadt";"03 StB Neustadt ohne Leipziger Vorstadt";"1-Pers-Haush.";2697;2697
"2015";"13 Innere Neustadt";"StB 1 Neustadt";"03 StB Neustadt ohne Leipziger Vorstadt";"2-Pers-Haush.";2176;1088
"2015";"13 Innere Neustadt";"StB 1 Neustadt";"03 StB Neustadt ohne Leipziger Vorstadt";"3-Pers-Haush.";1158;386
"2015";"13 Innere Neustadt";"StB 1 Neustadt";"03 StB Neustadt ohne Leipziger Vorstadt";"4-Pers-Haush.";896;224
"2015";"13 Innere Neustadt";"StB 1 Neustadt";"03 StB Neustadt ohne Leipziger Vorstadt";"5-u.m.-Pers-Hh.";387;74
"2015";"14 Leipziger Vorstadt";"StB 1 Neustadt";"04 Leipziger Vorstadt, Pieschen";"1-Pers-Haush.";4751;4751
"2015";"14 Leipziger Vorstadt";"StB 1 Neustadt";"04 Leipziger Vorstadt, Pieschen";"2-Pers-Haush.";3136;1568
"2015";"14 Leipziger Vorstadt";"StB 1 Neustadt";"04 Leipziger Vorstadt, Pieschen";"3-Pers-Haush.";1953;651
"2015";"14 Leipziger Vorstadt";"StB 1 Neustadt";"04 Leipziger Vorstadt, Pieschen";"4-Pers-Haush.";1840;460
"2015";"14 Leipziger Vorstadt";"StB 1 Neustadt";"04 Leipziger Vorstadt, Pieschen";"5-u.m.-Pers-Hh.";556;107
"2015";"15 Albertstadt";"StB 1 Neustadt";"03 StB Neustadt ohne Leipziger Vorstadt";"1-Pers-Haush.";701;701
"2015";"15 Albertstadt";"StB 1 Neustadt";"03 StB Neustadt ohne Leipziger Vorstadt";"2-Pers-Haush.";678;339
"2015";"15 Albertstadt";"StB 1 Neustadt";"03 StB Neustadt ohne Leipziger Vorstadt";"3-Pers-Haush.";408;136
"2015";"15 Albertstadt";"StB 1 Neustadt";"03 StB Neustadt ohne Leipziger Vorstadt";"4-Pers-Haush.";500;125
"2015";"15 Albertstadt";"StB 1 Neustadt";"03 StB Neustadt ohne Leipziger Vorstadt";"5-u.m.-Pers-Hh.";194;37
"2015";"21 Pieschen-Süd";"StB 2 Pieschen";"04 Leipziger Vorstadt, Pieschen";"1-Pers-Haush.";4199;4199
"2015";"21 Pieschen-Süd";"StB 2 Pieschen";"04 Leipziger Vorstadt, Pieschen";"2-Pers-Haush.";2940;1470
"2015";"21 Pieschen-Süd";"StB 2 Pieschen";"04 Leipziger Vorstadt, Pieschen";"3-Pers-Haush.";2322;774
"2015";"21 Pieschen-Süd";"StB 2 Pieschen";"04 Leipziger Vorstadt, Pieschen";"4-Pers-Haush.";1668;417
"2015";"21 Pieschen-Süd";"StB 2 Pieschen";"04 Leipziger Vorstadt, Pieschen";"5-u.m.-Pers-Hh.";652;122
"2015";"22 Mickten";"StB 2 Pieschen";"05 Mickten, Kaditz, Trachau";"1-Pers-Haush.";3861;3861
"2015";"22 Mickten";"StB 2 Pieschen";"05 Mickten, Kaditz, Trachau";"2-Pers-Haush.";4274;2137
"2015";"22 Mickten";"StB 2 Pieschen";"05 Mickten, Kaditz, Trachau";"3-Pers-Haush.";2505;835
"2015";"22 Mickten";"StB 2 Pieschen";"05 Mickten, Kaditz, Trachau";"4-Pers-Haush.";1648;412
"2015";"22 Mickten";"StB 2 Pieschen";"05 Mickten, Kaditz, Trachau";"5-u.m.-Pers-Hh.";603;113
"2015";"23 Kaditz";"StB 2 Pieschen";"05 Mickten, Kaditz, Trachau";"1-Pers-Haush.";1515;1515
"2015";"23 Kaditz";"StB 2 Pieschen";"05 Mickten, Kaditz, Trachau";"2-Pers-Haush.";1868;934
"2015";"23 Kaditz";"StB 2 Pieschen";"05 Mickten, Kaditz, Trachau";"3-Pers-Haush.";1077;359
"2015";"23 Kaditz";"StB 2 Pieschen";"05 Mickten, Kaditz, Trachau";"4-Pers-Haush.";812;203
"2015";"23 Kaditz";"StB 2 Pieschen";"05 Mickten, Kaditz, Trachau";"5-u.m.-Pers-Hh.";309;59
"2015";"24 Trachau";"StB 2 Pieschen";"05 Mickten, Kaditz, Trachau";"1-Pers-Haush.";2495;2495
"2015";"24 Trachau";"StB 2 Pieschen";"05 Mickten, Kaditz, Trachau";"2-Pers-Haush.";3326;1663
"2015";"24 Trachau";"StB 2 Pieschen";"05 Mickten, Kaditz, Trachau";"3-Pers-Haush.";2013;671
"2015";"24 Trachau";"StB 2 Pieschen";"05 Mickten, Kaditz, Trachau";"4-Pers-Haush.";1892;473
"2015";"24 Trachau";"StB 2 Pieschen";"05 Mickten, Kaditz, Trachau";"5-u.m.-Pers-Hh.";583;112
"2015";"25 Pieschen-N/Trachenberge";"StB 2 Pieschen";"04 Leipziger Vorstadt, Pieschen";"1-Pers-Haush.";3899;3899
"2015";"25 Pieschen-N/Trachenberge";"StB 2 Pieschen";"04 Leipziger Vorstadt, Pieschen";"2-Pers-Haush.";3688;1844
"2015";"25 Pieschen-N/Trachenberge";"StB 2 Pieschen";"04 Leipziger Vorstadt, Pieschen";"3-Pers-Haush.";2316;772
"2015";"25 Pieschen-N/Trachenberge";"StB 2 Pieschen";"04 Leipziger Vorstadt, Pieschen";"4-Pers-Haush.";1760;440
"2015";"25 Pieschen-N/Trachenberge";"StB 2 Pieschen";"04 Leipziger Vorstadt, Pieschen";"5-u.m.-Pers-Hh.";670;128
"2015";"31 Klotzsche";"StB 3 Klotzsche/nördliche Ortschaften";"06 StB Klotzsche und nördliche OS";"1-Pers-Haush.";3191;3191
"2015";"31 Klotzsche";"StB 3 Klotzsche/nördliche Ortschaften";"06 StB Klotzsche und nördliche OS";"2-Pers-Haush.";4592;2296
"2015";"31 Klotzsche";"StB 3 Klotzsche/nördliche Ortschaften";"06 StB Klotzsche und nördliche OS";"3-Pers-Haush.";2424;808
"2015";"31 Klotzsche";"StB 3 Klotzsche/nördliche Ortschaften";"06 StB Klotzsche und nördliche OS";"4-Pers-Haush.";2452;613
"2015";"31 Klotzsche";"StB 3 Klotzsche/nördliche Ortschaften";"06 StB Klotzsche und nördliche OS";"5-u.m.-Pers-Hh.";949;183
"2015";"32 Hellerau/Wilschdorf";"StB 3 Klotzsche/nördliche Ortschaften";"06 StB Klotzsche und nördliche OS";"1-Pers-Haush.";922;922
"2015";"32 Hellerau/Wilschdorf";"StB 3 Klotzsche/nördliche Ortschaften";"06 StB Klotzsche und nördliche OS";"2-Pers-Haush.";2156;1078
"2015";"32 Hellerau/Wilschdorf";"StB 3 Klotzsche/nördliche Ortschaften";"06 StB Klotzsche und nördliche OS";"3-Pers-Haush.";1392;464
"2015";"32 Hellerau/Wilschdorf";"StB 3 Klotzsche/nördliche Ortschaften";"06 StB Klotzsche und nördliche OS";"4-Pers-Haush.";1300;325
"2015";"32 Hellerau/Wilschdorf";"StB 3 Klotzsche/nördliche Ortschaften";"06 StB Klotzsche und nördliche OS";"5-u.m.-Pers-Hh.";563;109
"2015";"35 Weixdorf";"StB 3 Klotzsche/nördliche Ortschaften";"06 StB Klotzsche und nördliche OS";"1-Pers-Haush.";676;676
"2015";"35 Weixdorf";"StB 3 Klotzsche/nördliche Ortschaften";"06 StB Klotzsche und nördliche OS";"2-Pers-Haush.";2058;1029
"2015";"35 Weixdorf";"StB 3 Klotzsche/nördliche Ortschaften";"06 StB Klotzsche und nördliche OS";"3-Pers-Haush.";1422;474
"2015";"35 Weixdorf";"StB 3 Klotzsche/nördliche Ortschaften";"06 StB Klotzsche und nördliche OS";"4-Pers-Haush.";1364;341
"2015";"35 Weixdorf";"StB 3 Klotzsche/nördliche Ortschaften";"06 StB Klotzsche und nördliche OS";"5-u.m.-Pers-Hh.";578;110
"2015";"36 Langebrück/Schönborn";"StB 3 Klotzsche/nördliche Ortschaften";"06 StB Klotzsche und nördliche OS";"1-Pers-Haush.";501;501
"2015";"36 Langebrück/Schönborn";"StB 3 Klotzsche/nördliche Ortschaften";"06 StB Klotzsche und nördliche OS";"2-Pers-Haush.";1386;693
"2015";"36 Langebrück/Schönborn";"StB 3 Klotzsche/nördliche Ortschaften";"06 StB Klotzsche und nördliche OS";"3-Pers-Haush.";951;317
"2015";"36 Langebrück/Schönborn";"StB 3 Klotzsche/nördliche Ortschaften";"06 StB Klotzsche und nördliche OS";"4-Pers-Haush.";1052;263
"2015";"36 Langebrück/Schönborn";"StB 3 Klotzsche/nördliche Ortschaften";"06 StB Klotzsche und nördliche OS";"5-u.m.-Pers-Hh.";485;93
"2015";"41 Loschwitz/Wachwitz";"StB 4 Loschwitz/OS Schönfeld-Weißig";"07 StB Loschwitz und OS Schönfeld-Weißig";"1-Pers-Haush.";980;980
"2015";"41 Loschwitz/Wachwitz";"StB 4 Loschwitz/OS Schönfeld-Weißig";"07 StB Loschwitz und OS Schönfeld-Weißig";"2-Pers-Haush.";1834;917
"2015";"41 Loschwitz/Wachwitz";"StB 4 Loschwitz/OS Schönfeld-Weißig";"07 StB Loschwitz und OS Schönfeld-Weißig";"3-Pers-Haush.";1197;399
"2015";"41 Loschwitz/Wachwitz";"StB 4 Loschwitz/OS Schönfeld-Weißig";"07 StB Loschwitz und OS Schönfeld-Weißig";"4-Pers-Haush.";1068;267
"2015";"41 Loschwitz/Wachwitz";"StB 4 Loschwitz/OS Schönfeld-Weißig";"07 StB Loschwitz und OS Schönfeld-Weißig";"5-u.m.-Pers-Hh.";566;108
"2015";"42 Bühlau/Weißer Hirsch";"StB 4 Loschwitz/OS Schönfeld-Weißig";"07 StB Loschwitz und OS Schönfeld-Weißig";"1-Pers-Haush.";1925;1925
"2015";"42 Bühlau/Weißer Hirsch";"StB 4 Loschwitz/OS Schönfeld-Weißig";"07 StB Loschwitz und OS Schönfeld-Weißig";"2-Pers-Haush.";3570;1785
"2015";"42 Bühlau/Weißer Hirsch";"StB 4 Loschwitz/OS Schönfeld-Weißig";"07 StB Loschwitz und OS Schönfeld-Weißig";"3-Pers-Haush.";2199;733
"2015";"42 Bühlau/Weißer Hirsch";"StB 4 Loschwitz/OS Schönfeld-Weißig";"07 StB Loschwitz und OS Schönfeld-Weißig";"4-Pers-Haush.";2480;620
"2015";"42 Bühlau/Weißer Hirsch";"StB 4 Loschwitz/OS Schönfeld-Weißig";"07 StB Loschwitz und OS Schönfeld-Weißig";"5-u.m.-Pers-Hh.";1054;201
"2015";"43 Hosterwitz/Pillnitz";"StB 4 Loschwitz/OS Schönfeld-Weißig";"07 StB Loschwitz und OS Schönfeld-Weißig";"1-Pers-Haush.";602;602
"2015";"43 Hosterwitz/Pillnitz";"StB 4 Loschwitz/OS Schönfeld-Weißig";"07 StB Loschwitz und OS Schönfeld-Weißig";"2-Pers-Haush.";1138;569
"2015";"43 Hosterwitz/Pillnitz";"StB 4 Loschwitz/OS Schönfeld-Weißig";"07 StB Loschwitz und OS Schönfeld-Weißig";"3-Pers-Haush.";648;216
"2015";"43 Hosterwitz/Pillnitz";"StB 4 Loschwitz/OS Schönfeld-Weißig";"07 StB Loschwitz und OS Schönfeld-Weißig";"4-Pers-Haush.";600;150
"2015";"43 Hosterwitz/Pillnitz";"StB 4 Loschwitz/OS Schönfeld-Weißig";"07 StB Loschwitz und OS Schönfeld-Weißig";"5-u.m.-Pers-Hh.";301;57
"2015";"45 Weißig";"StB 4 Loschwitz/OS Schönfeld-Weißig";"07 StB Loschwitz und OS Schönfeld-Weißig";"1-Pers-Haush.";1295;1295
"2015";"45 Weißig";"StB 4 Loschwitz/OS Schönfeld-Weißig";"07 StB Loschwitz und OS Schönfeld-Weißig";"2-Pers-Haush.";1870;935
"2015";"45 Weißig";"StB 4 Loschwitz/OS Schönfeld-Weißig";"07 StB Loschwitz und OS Schönfeld-Weißig";"3-Pers-Haush.";1200;400
"2015";"45 Weißig";"StB 4 Loschwitz/OS Schönfeld-Weißig";"07 StB Loschwitz und OS Schönfeld-Weißig";"4-Pers-Haush.";964;241
"2015";"45 Weißig";"StB 4 Loschwitz/OS Schönfeld-Weißig";"07 StB Loschwitz und OS Schönfeld-Weißig";"5-u.m.-Pers-Hh.";357;69
"2015";"46 Gönnsdorf/Pappritz";"StB 4 Loschwitz/OS Schönfeld-Weißig";"07 StB Loschwitz und OS Schönfeld-Weißig";"1-Pers-Haush.";431;431
"2015";"46 Gönnsdorf/Pappritz";"StB 4 Loschwitz/OS Schönfeld-Weißig";"07 StB Loschwitz und OS Schönfeld-Weißig";"2-Pers-Haush.";1356;678
"2015";"46 Gönnsdorf/Pappritz";"StB 4 Loschwitz/OS Schönfeld-Weißig";"07 StB Loschwitz und OS Schönfeld-Weißig";"3-Pers-Haush.";861;287
"2015";"46 Gönnsdorf/Pappritz";"StB 4 Loschwitz/OS Schönfeld-Weißig";"07 StB Loschwitz und OS Schönfeld-Weißig";"4-Pers-Haush.";1000;250
"2015";"46 Gönnsdorf/Pappritz";"StB 4 Loschwitz/OS Schönfeld-Weißig";"07 StB Loschwitz und OS Schönfeld-Weißig";"5-u.m.-Pers-Hh.";336;64
"2015";"47 Schönfeld/Schullwitz";"StB 4 Loschwitz/OS Schönfeld-Weißig";"07 StB Loschwitz und OS Schönfeld-Weißig";"1-Pers-Haush.";336;336
"2015";"47 Schönfeld/Schullwitz";"StB 4 Loschwitz/OS Schönfeld-Weißig";"07 StB Loschwitz und OS Schönfeld-Weißig";"2-Pers-Haush.";1102;551
"2015";"47 Schönfeld/Schullwitz";"StB 4 Loschwitz/OS Schönfeld-Weißig";"07 StB Loschwitz und OS Schönfeld-Weißig";"3-Pers-Haush.";813;271
"2015";"47 Schönfeld/Schullwitz";"StB 4 Loschwitz/OS Schönfeld-Weißig";"07 StB Loschwitz und OS Schönfeld-Weißig";"4-Pers-Haush.";720;180
"2015";"47 Schönfeld/Schullwitz";"StB 4 Loschwitz/OS Schönfeld-Weißig";"07 StB Loschwitz und OS Schönfeld-Weißig";"5-u.m.-Pers-Hh.";304;58
"2015";"51 Blasewitz";"StB 5 Blasewitz";"08 Blasewitz, Striesen";"1-Pers-Haush.";2227;2227
"2015";"51 Blasewitz";"StB 5 Blasewitz";"08 Blasewitz, Striesen";"2-Pers-Haush.";3184;1592
"2015";"51 Blasewitz";"StB 5 Blasewitz";"08 Blasewitz, Striesen";"3-Pers-Haush.";1806;602
"2015";"51 Blasewitz";"StB 5 Blasewitz";"08 Blasewitz, Striesen";"4-Pers-Haush.";1876;469
"2015";"51 Blasewitz";"StB 5 Blasewitz";"08 Blasewitz, Striesen";"5-u.m.-Pers-Hh.";823;157
"2015";"52 Striesen-Ost";"StB 5 Blasewitz";"08 Blasewitz, Striesen";"1-Pers-Haush.";3599;3599
"2015";"52 Striesen-Ost";"StB 5 Blasewitz";"08 Blasewitz, Striesen";"2-Pers-Haush.";3924;1962
"2015";"52 Striesen-Ost";"StB 5 Blasewitz";"08 Blasewitz, Striesen";"3-Pers-Haush.";2985;995
"2015";"52 Striesen-Ost";"StB 5 Blasewitz";"08 Blasewitz, Striesen";"4-Pers-Haush.";3144;786
"2015";"52 Striesen-Ost";"StB 5 Blasewitz";"08 Blasewitz, Striesen";"5-u.m.-Pers-Hh.";1140;219
"2015";"53 Striesen-Süd";"StB 5 Blasewitz";"08 Blasewitz, Striesen";"1-Pers-Haush.";3412;3412
"2015";"53 Striesen-Süd";"StB 5 Blasewitz";"08 Blasewitz, Striesen";"2-Pers-Haush.";3896;1948
"2015";"53 Striesen-Süd";"StB 5 Blasewitz";"08 Blasewitz, Striesen";"3-Pers-Haush.";1629;543
"2015";"53 Striesen-Süd";"StB 5 Blasewitz";"08 Blasewitz, Striesen";"4-Pers-Haush.";1388;347
"2015";"53 Striesen-Süd";"StB 5 Blasewitz";"08 Blasewitz, Striesen";"5-u.m.-Pers-Hh.";418;78
"2015";"54 Striesen-West";"StB 5 Blasewitz";"08 Blasewitz, Striesen";"1-Pers-Haush.";3768;3768
"2015";"54 Striesen-West";"StB 5 Blasewitz";"08 Blasewitz, Striesen";"2-Pers-Haush.";4762;2381
"2015";"54 Striesen-West";"StB 5 Blasewitz";"08 Blasewitz, Striesen";"3-Pers-Haush.";2064;688
"2015";"54 Striesen-West";"StB 5 Blasewitz";"08 Blasewitz, Striesen";"4-Pers-Haush.";1728;432
"2015";"54 Striesen-West";"StB 5 Blasewitz";"08 Blasewitz, Striesen";"5-u.m.-Pers-Hh.";566;110
"2015";"55 Tolkewitz/Seidnitz-Nord";"StB 5 Blasewitz";"09 Tolkewitz, Seidnitz, Gruna";"1-Pers-Haush.";2907;2907
"2015";"55 Tolkewitz/Seidnitz-Nord";"StB 5 Blasewitz";"09 Tolkewitz, Seidnitz, Gruna";"2-Pers-Haush.";4564;2282
"2015";"55 Tolkewitz/Seidnitz-Nord";"StB 5 Blasewitz";"09 Tolkewitz, Seidnitz, Gruna";"3-Pers-Haush.";1983;661
"2015";"55 Tolkewitz/Seidnitz-Nord";"StB 5 Blasewitz";"09 Tolkewitz, Seidnitz, Gruna";"4-Pers-Haush.";1416;354
"2015";"55 Tolkewitz/Seidnitz-Nord";"StB 5 Blasewitz";"09 Tolkewitz, Seidnitz, Gruna";"5-u.m.-Pers-Hh.";482;90
"2015";"56 Seidnitz/Dobritz";"StB 5 Blasewitz";"09 Tolkewitz, Seidnitz, Gruna";"1-Pers-Haush.";4088;4088
"2015";"56 Seidnitz/Dobritz";"StB 5 Blasewitz";"09 Tolkewitz, Seidnitz, Gruna";"2-Pers-Haush.";5040;2520
"2015";"56 Seidnitz/Dobritz";"StB 5 Blasewitz";"09 Tolkewitz, Seidnitz, Gruna";"3-Pers-Haush.";2244;748
"2015";"56 Seidnitz/Dobritz";"StB 5 Blasewitz";"09 Tolkewitz, Seidnitz, Gruna";"4-Pers-Haush.";1592;398
"2015";"56 Seidnitz/Dobritz";"StB 5 Blasewitz";"09 Tolkewitz, Seidnitz, Gruna";"5-u.m.-Pers-Hh.";427;81
"2015";"57 Gruna";"StB 5 Blasewitz";"09 Tolkewitz, Seidnitz, Gruna";"1-Pers-Haush.";3584;3584
"2015";"57 Gruna";"StB 5 Blasewitz";"09 Tolkewitz, Seidnitz, Gruna";"2-Pers-Haush.";4918;2459
"2015";"57 Gruna";"StB 5 Blasewitz";"09 Tolkewitz, Seidnitz, Gruna";"3-Pers-Haush.";2211;737
"2015";"57 Gruna";"StB 5 Blasewitz";"09 Tolkewitz, Seidnitz, Gruna";"4-Pers-Haush.";1776;444
"2015";"57 Gruna";"StB 5 Blasewitz";"09 Tolkewitz, Seidnitz, Gruna";"5-u.m.-Pers-Hh.";703;133
"2015";"61 Leuben";"StB 6 Leuben";"10 StB Leuben";"1-Pers-Haush.";3543;3543
"2015";"61 Leuben";"StB 6 Leuben";"10 StB Leuben";"2-Pers-Haush.";4670;2335
"2015";"61 Leuben";"StB 6 Leuben";"10 StB Leuben";"3-Pers-Haush.";1737;579
"2015";"61 Leuben";"StB 6 Leuben";"10 StB Leuben";"4-Pers-Haush.";1244;311
"2015";"61 Leuben";"StB 6 Leuben";"10 StB Leuben";"5-u.m.-Pers-Hh.";570;104
"2015";"62 Laubegast";"StB 6 Leuben";"10 StB Leuben";"1-Pers-Haush.";3077;3077
"2015";"62 Laubegast";"StB 6 Leuben";"10 StB Leuben";"2-Pers-Haush.";4646;2323
"2015";"62 Laubegast";"StB 6 Leuben";"10 StB Leuben";"3-Pers-Haush.";2250;750
"2015";"62 Laubegast";"StB 6 Leuben";"10 StB Leuben";"4-Pers-Haush.";1784;446
"2015";"62 Laubegast";"StB 6 Leuben";"10 StB Leuben";"5-u.m.-Pers-Hh.";484;93
"2015";"63 Kleinzschachwitz";"StB 6 Leuben";"10 StB Leuben";"1-Pers-Haush.";1421;1421
"2015";"63 Kleinzschachwitz";"StB 6 Leuben";"10 StB Leuben";"2-Pers-Haush.";3090;1545
"2015";"63 Kleinzschachwitz";"StB 6 Leuben";"10 StB Leuben";"3-Pers-Haush.";1827;609
"2015";"63 Kleinzschachwitz";"StB 6 Leuben";"10 StB Leuben";"4-Pers-Haush.";1656;414
"2015";"63 Kleinzschachwitz";"StB 6 Leuben";"10 StB Leuben";"5-u.m.-Pers-Hh.";670;130
"2015";"64 Großzschachwitz";"StB 6 Leuben";"10 StB Leuben";"1-Pers-Haush.";1694;1694
"2015";"64 Großzschachwitz";"StB 6 Leuben";"10 StB Leuben";"2-Pers-Haush.";2208;1104
"2015";"64 Großzschachwitz";"StB 6 Leuben";"10 StB Leuben";"3-Pers-Haush.";1047;349
"2015";"64 Großzschachwitz";"StB 6 Leuben";"10 StB Leuben";"4-Pers-Haush.";784;196
"2015";"64 Großzschachwitz";"StB 6 Leuben";"10 StB Leuben";"5-u.m.-Pers-Hh.";352;67
"2015";"71 Prohlis-Nord";"StB 7 Prohlis";"11 Prohlis, Reick (mit Sternhäuser, Am Koitschgraben)";"1-Pers-Haush.";1831;1831
"2015";"71 Prohlis-Nord";"StB 7 Prohlis";"11 Prohlis, Reick (mit Sternhäuser, Am Koitschgraben)";"2-Pers-Haush.";2384;1192
"2015";"71 Prohlis-Nord";"StB 7 Prohlis";"11 Prohlis, Reick (mit Sternhäuser, Am Koitschgraben)";"3-Pers-Haush.";879;293
"2015";"71 Prohlis-Nord";"StB 7 Prohlis";"11 Prohlis, Reick (mit Sternhäuser, Am Koitschgraben)";"4-Pers-Haush.";736;184
"2015";"71 Prohlis-Nord";"StB 7 Prohlis";"11 Prohlis, Reick (mit Sternhäuser, Am Koitschgraben)";"5-u.m.-Pers-Hh.";260;49
"2015";"72 Prohlis-Süd";"StB 7 Prohlis";"11 Prohlis, Reick (mit Sternhäuser, Am Koitschgraben)";"1-Pers-Haush.";2876;2876
"2015";"72 Prohlis-Süd";"StB 7 Prohlis";"11 Prohlis, Reick (mit Sternhäuser, Am Koitschgraben)";"2-Pers-Haush.";2934;1467
"2015";"72 Prohlis-Süd";"StB 7 Prohlis";"11 Prohlis, Reick (mit Sternhäuser, Am Koitschgraben)";"3-Pers-Haush.";1134;378
"2015";"72 Prohlis-Süd";"StB 7 Prohlis";"11 Prohlis, Reick (mit Sternhäuser, Am Koitschgraben)";"4-Pers-Haush.";848;212
"2015";"72 Prohlis-Süd";"StB 7 Prohlis";"11 Prohlis, Reick (mit Sternhäuser, Am Koitschgraben)";"5-u.m.-Pers-Hh.";628;115
"2015";"73 Niedersedlitz";"StB 7 Prohlis";"12 Niedersedlitz, Leubnitz, Strehlen (ohne Sternhäuser, Am Koitschgraben)";"1-Pers-Haush.";1009;1009
"2015";"73 Niedersedlitz";"StB 7 Prohlis";"12 Niedersedlitz, Leubnitz, Strehlen (ohne Sternhäuser, Am Koitschgraben)";"2-Pers-Haush.";2176;1088
"2015";"73 Niedersedlitz";"StB 7 Prohlis";"12 Niedersedlitz, Leubnitz, Strehlen (ohne Sternhäuser, Am Koitschgraben)";"3-Pers-Haush.";1320;440
"2015";"73 Niedersedlitz";"StB 7 Prohlis";"12 Niedersedlitz, Leubnitz, Strehlen (ohne Sternhäuser, Am Koitschgraben)";"4-Pers-Haush.";1104;276
"2015";"73 Niedersedlitz";"StB 7 Prohlis";"12 Niedersedlitz, Leubnitz, Strehlen (ohne Sternhäuser, Am Koitschgraben)";"5-u.m.-Pers-Hh.";267;50
"2015";"74 Lockwitz";"StB 7 Prohlis";"12 Niedersedlitz, Leubnitz, Strehlen (ohne Sternhäuser, Am Koitschgraben)";"1-Pers-Haush.";822;822
"2015";"74 Lockwitz";"StB 7 Prohlis";"12 Niedersedlitz, Leubnitz, Strehlen (ohne Sternhäuser, Am Koitschgraben)";"2-Pers-Haush.";2332;1166
"2015";"74 Lockwitz";"StB 7 Prohlis";"12 Niedersedlitz, Leubnitz, Strehlen (ohne Sternhäuser, Am Koitschgraben)";"3-Pers-Haush.";1557;519
"2015";"74 Lockwitz";"StB 7 Prohlis";"12 Niedersedlitz, Leubnitz, Strehlen (ohne Sternhäuser, Am Koitschgraben)";"4-Pers-Haush.";1484;371
"2015";"74 Lockwitz";"StB 7 Prohlis";"12 Niedersedlitz, Leubnitz, Strehlen (ohne Sternhäuser, Am Koitschgraben)";"5-u.m.-Pers-Hh.";444;85
"2015";"75 Leubnitz-Neuostra";"StB 7 Prohlis";"12 Niedersedlitz, Leubnitz, Strehlen (ohne Sternhäuser, Am Koitschgraben)";"1-Pers-Haush.";3368;3368
"2015";"75 Leubnitz-Neuostra";"StB 7 Prohlis";"12 Niedersedlitz, Leubnitz, Strehlen (ohne Sternhäuser, Am Koitschgraben)";"2-Pers-Haush.";5456;2728
"2015";"75 Leubnitz-Neuostra";"StB 7 Prohlis";"12 Niedersedlitz, Leubnitz, Strehlen (ohne Sternhäuser, Am Koitschgraben)";"3-Pers-Haush.";2532;844
"2015";"75 Leubnitz-Neuostra";"StB 7 Prohlis";"12 Niedersedlitz, Leubnitz, Strehlen (ohne Sternhäuser, Am Koitschgraben)";"4-Pers-Haush.";2000;500
"2015";"75 Leubnitz-Neuostra";"StB 7 Prohlis";"12 Niedersedlitz, Leubnitz, Strehlen (ohne Sternhäuser, Am Koitschgraben)";"5-u.m.-Pers-Hh.";785;147
"2015";"76 Strehlen";"StB 7 Prohlis";"11 Prohlis, Reick (mit Sternhäuser, Am Koitschgraben)";"1-Pers-Haush.";1384;1384
"2015";"76 Strehlen";"StB 7 Prohlis";"11 Prohlis, Reick (mit Sternhäuser, Am Koitschgraben)";"2-Pers-Haush.";814;407
"2015";"76 Strehlen";"StB 7 Prohlis";"11 Prohlis, Reick (mit Sternhäuser, Am Koitschgraben)";"3-Pers-Haush.";375;125
"2015";"76 Strehlen";"StB 7 Prohlis";"11 Prohlis, Reick (mit Sternhäuser, Am Koitschgraben)";"4-Pers-Haush.";324;81
"2015";"76 Strehlen";"StB 7 Prohlis";"11 Prohlis, Reick (mit Sternhäuser, Am Koitschgraben)";"5-u.m.-Pers-Hh.";257;47
"2015";"76 Strehlen";"StB 7 Prohlis";"12 Niedersedlitz, Leubnitz, Strehlen (ohne Sternhäuser, Am Koitschgraben)";"1-Pers-Haush.";1772;1772
"2015";"76 Strehlen";"StB 7 Prohlis";"12 Niedersedlitz, Leubnitz, Strehlen (ohne Sternhäuser, Am Koitschgraben)";"2-Pers-Haush.";2138;1069
"2015";"76 Strehlen";"StB 7 Prohlis";"12 Niedersedlitz, Leubnitz, Strehlen (ohne Sternhäuser, Am Koitschgraben)";"3-Pers-Haush.";1149;383
"2015";"76 Strehlen";"StB 7 Prohlis";"12 Niedersedlitz, Leubnitz, Strehlen (ohne Sternhäuser, Am Koitschgraben)";"4-Pers-Haush.";1080;270
"2015";"76 Strehlen";"StB 7 Prohlis";"12 Niedersedlitz, Leubnitz, Strehlen (ohne Sternhäuser, Am Koitschgraben)";"5-u.m.-Pers-Hh.";533;102
"2015";"77 Reick";"StB 7 Prohlis";"11 Prohlis, Reick (mit Sternhäuser, Am Koitschgraben)";"1-Pers-Haush.";1453;1453
"2015";"77 Reick";"StB 7 Prohlis";"11 Prohlis, Reick (mit Sternhäuser, Am Koitschgraben)";"2-Pers-Haush.";2116;1058
"2015";"77 Reick";"StB 7 Prohlis";"11 Prohlis, Reick (mit Sternhäuser, Am Koitschgraben)";"3-Pers-Haush.";915;305
"2015";"77 Reick";"StB 7 Prohlis";"11 Prohlis, Reick (mit Sternhäuser, Am Koitschgraben)";"4-Pers-Haush.";568;142
"2015";"77 Reick";"StB 7 Prohlis";"11 Prohlis, Reick (mit Sternhäuser, Am Koitschgraben)";"5-u.m.-Pers-Hh.";307;58
"2015";"81 Südvorstadt-West";"StB 8 Plauen";"13 Südvorstadt, Zschertnitz";"1-Pers-Haush.";3980;3980
"2015";"81 Südvorstadt-West";"StB 8 Plauen";"13 Südvorstadt, Zschertnitz";"2-Pers-Haush.";4008;2004
"2015";"81 Südvorstadt-West";"StB 8 Plauen";"13 Südvorstadt, Zschertnitz";"3-Pers-Haush.";1761;587
"2015";"81 Südvorstadt-West";"StB 8 Plauen";"13 Südvorstadt, Zschertnitz";"4-Pers-Haush.";1348;337
"2015";"81 Südvorstadt-West";"StB 8 Plauen";"13 Südvorstadt, Zschertnitz";"5-u.m.-Pers-Hh.";645;119
"2015";"82 Südvorstadt-Ost";"StB 8 Plauen";"13 Südvorstadt, Zschertnitz";"1-Pers-Haush.";1941;1941
"2015";"82 Südvorstadt-Ost";"StB 8 Plauen";"13 Südvorstadt, Zschertnitz";"2-Pers-Haush.";1982;991
"2015";"82 Südvorstadt-Ost";"StB 8 Plauen";"13 Südvorstadt, Zschertnitz";"3-Pers-Haush.";783;261
"2015";"82 Südvorstadt-Ost";"StB 8 Plauen";"13 Südvorstadt, Zschertnitz";"4-Pers-Haush.";680;170
"2015";"82 Südvorstadt-Ost";"StB 8 Plauen";"13 Südvorstadt, Zschertnitz";"5-u.m.-Pers-Hh.";333;64
"2015";"83 Räcknitz/Zschertnitz";"StB 8 Plauen";"13 Südvorstadt, Zschertnitz";"1-Pers-Haush.";2747;2747
"2015";"83 Räcknitz/Zschertnitz";"StB 8 Plauen";"13 Südvorstadt, Zschertnitz";"2-Pers-Haush.";4052;2026
"2015";"83 Räcknitz/Zschertnitz";"StB 8 Plauen";"13 Südvorstadt, Zschertnitz";"3-Pers-Haush.";1431;477
"2015";"83 Räcknitz/Zschertnitz";"StB 8 Plauen";"13 Südvorstadt, Zschertnitz";"4-Pers-Haush.";1080;270
"2015";"83 Räcknitz/Zschertnitz";"StB 8 Plauen";"13 Südvorstadt, Zschertnitz";"5-u.m.-Pers-Hh.";360;68
"2015";"84 Kleinpestitz/Mockritz";"StB 8 Plauen";"14 Mockritz, Coschütz, Plauen";"1-Pers-Haush.";1764;1764
"2015";"84 Kleinpestitz/Mockritz";"StB 8 Plauen";"14 Mockritz, Coschütz, Plauen";"2-Pers-Haush.";2952;1476
"2015";"84 Kleinpestitz/Mockritz";"StB 8 Plauen";"14 Mockritz, Coschütz, Plauen";"3-Pers-Haush.";1272;424
"2015";"84 Kleinpestitz/Mockritz";"StB 8 Plauen";"14 Mockritz, Coschütz, Plauen";"4-Pers-Haush.";1048;262
"2015";"84 Kleinpestitz/Mockritz";"StB 8 Plauen";"14 Mockritz, Coschütz, Plauen";"5-u.m.-Pers-Hh.";372;71
"2015";"85 Coschütz/Gittersee";"StB 8 Plauen";"14 Mockritz, Coschütz, Plauen";"1-Pers-Haush.";1335;1335
"2015";"85 Coschütz/Gittersee";"StB 8 Plauen";"14 Mockritz, Coschütz, Plauen";"2-Pers-Haush.";1894;947
"2015";"85 Coschütz/Gittersee";"StB 8 Plauen";"14 Mockritz, Coschütz, Plauen";"3-Pers-Haush.";1185;395
"2015";"85 Coschütz/Gittersee";"StB 8 Plauen";"14 Mockritz, Coschütz, Plauen";"4-Pers-Haush.";972;243
"2015";"85 Coschütz/Gittersee";"StB 8 Plauen";"14 Mockritz, Coschütz, Plauen";"5-u.m.-Pers-Hh.";381;73
"2015";"86 Plauen";"StB 8 Plauen";"14 Mockritz, Coschütz, Plauen";"1-Pers-Haush.";3083;3083
"2015";"86 Plauen";"StB 8 Plauen";"14 Mockritz, Coschütz, Plauen";"2-Pers-Haush.";3510;1755
"2015";"86 Plauen";"StB 8 Plauen";"14 Mockritz, Coschütz, Plauen";"3-Pers-Haush.";2073;691
"2015";"86 Plauen";"StB 8 Plauen";"14 Mockritz, Coschütz, Plauen";"4-Pers-Haush.";2144;536
"2015";"86 Plauen";"StB 8 Plauen";"14 Mockritz, Coschütz, Plauen";"5-u.m.-Pers-Hh.";816;154
"2015";"90 Cossebaude/Mobschatz/Oberw.";"StB 9 Cotta/westliche Ortschaften";"17 Briesnitz und westliche OS";"1-Pers-Haush.";1273;1273
"2015";"90 Cossebaude/Mobschatz/Oberw.";"StB 9 Cotta/westliche Ortschaften";"17 Briesnitz und westliche OS";"2-Pers-Haush.";2584;1292
"2015";"90 Cossebaude/Mobschatz/Oberw.";"StB 9 Cotta/westliche Ortschaften";"17 Briesnitz und westliche OS";"3-Pers-Haush.";1665;555
"2015";"90 Cossebaude/Mobschatz/Oberw.";"StB 9 Cotta/westliche Ortschaften";"17 Briesnitz und westliche OS";"4-Pers-Haush.";1424;356
"2015";"90 Cossebaude/Mobschatz/Oberw.";"StB 9 Cotta/westliche Ortschaften";"17 Briesnitz und westliche OS";"5-u.m.-Pers-Hh.";516;100
"2015";"91 Cotta";"StB 9 Cotta/westliche Ortschaften";"15 Cotta, Löbtau, Naußlitz, Dölzschen";"1-Pers-Haush.";3377;3377
"2015";"91 Cotta";"StB 9 Cotta/westliche Ortschaften";"15 Cotta, Löbtau, Naußlitz, Dölzschen";"2-Pers-Haush.";3738;1869
"2015";"91 Cotta";"StB 9 Cotta/westliche Ortschaften";"15 Cotta, Löbtau, Naußlitz, Dölzschen";"3-Pers-Haush.";2034;678
"2015";"91 Cotta";"StB 9 Cotta/westliche Ortschaften";"15 Cotta, Löbtau, Naußlitz, Dölzschen";"4-Pers-Haush.";1548;387
"2015";"91 Cotta";"StB 9 Cotta/westliche Ortschaften";"15 Cotta, Löbtau, Naußlitz, Dölzschen";"5-u.m.-Pers-Hh.";503;96
"2015";"92 Löbtau-Nord";"StB 9 Cotta/westliche Ortschaften";"15 Cotta, Löbtau, Naußlitz, Dölzschen";"1-Pers-Haush.";3340;3340
"2015";"92 Löbtau-Nord";"StB 9 Cotta/westliche Ortschaften";"15 Cotta, Löbtau, Naußlitz, Dölzschen";"2-Pers-Haush.";2684;1342
"2015";"92 Löbtau-Nord";"StB 9 Cotta/westliche Ortschaften";"15 Cotta, Löbtau, Naußlitz, Dölzschen";"3-Pers-Haush.";1413;471
"2015";"92 Löbtau-Nord";"StB 9 Cotta/westliche Ortschaften";"15 Cotta, Löbtau, Naußlitz, Dölzschen";"4-Pers-Haush.";1120;280
"2015";"92 Löbtau-Nord";"StB 9 Cotta/westliche Ortschaften";"15 Cotta, Löbtau, Naußlitz, Dölzschen";"5-u.m.-Pers-Hh.";292;56
"2015";"93 Löbtau-Süd";"StB 9 Cotta/westliche Ortschaften";"15 Cotta, Löbtau, Naußlitz, Dölzschen";"1-Pers-Haush.";4221;4221
"2015";"93 Löbtau-Süd";"StB 9 Cotta/westliche Ortschaften";"15 Cotta, Löbtau, Naußlitz, Dölzschen";"2-Pers-Haush.";3178;1589
"2015";"93 Löbtau-Süd";"StB 9 Cotta/westliche Ortschaften";"15 Cotta, Löbtau, Naußlitz, Dölzschen";"3-Pers-Haush.";1872;624
"2015";"93 Löbtau-Süd";"StB 9 Cotta/westliche Ortschaften";"15 Cotta, Löbtau, Naußlitz, Dölzschen";"4-Pers-Haush.";1492;373
"2015";"93 Löbtau-Süd";"StB 9 Cotta/westliche Ortschaften";"15 Cotta, Löbtau, Naußlitz, Dölzschen";"5-u.m.-Pers-Hh.";442;85
"2015";"94 Naußlitz";"StB 9 Cotta/westliche Ortschaften";"15 Cotta, Löbtau, Naußlitz, Dölzschen";"1-Pers-Haush.";2123;2123
"2015";"94 Naußlitz";"StB 9 Cotta/westliche Ortschaften";"15 Cotta, Löbtau, Naußlitz, Dölzschen";"2-Pers-Haush.";3062;1531
"2015";"94 Naußlitz";"StB 9 Cotta/westliche Ortschaften";"15 Cotta, Löbtau, Naußlitz, Dölzschen";"3-Pers-Haush.";1935;645
"2015";"94 Naußlitz";"StB 9 Cotta/westliche Ortschaften";"15 Cotta, Löbtau, Naußlitz, Dölzschen";"4-Pers-Haush.";1624;406
"2015";"94 Naußlitz";"StB 9 Cotta/westliche Ortschaften";"15 Cotta, Löbtau, Naußlitz, Dölzschen";"5-u.m.-Pers-Hh.";528;102
"2015";"95 Gorbitz-Süd";"StB 9 Cotta/westliche Ortschaften";"16 Gorbitz";"1-Pers-Haush.";3018;3018
"2015";"95 Gorbitz-Süd";"StB 9 Cotta/westliche Ortschaften";"16 Gorbitz";"2-Pers-Haush.";2596;1298
"2015";"95 Gorbitz-Süd";"StB 9 Cotta/westliche Ortschaften";"16 Gorbitz";"3-Pers-Haush.";1260;420
"2015";"95 Gorbitz-Süd";"StB 9 Cotta/westliche Ortschaften";"16 Gorbitz";"4-Pers-Haush.";980;245
"2015";"95 Gorbitz-Süd";"StB 9 Cotta/westliche Ortschaften";"16 Gorbitz";"5-u.m.-Pers-Hh.";693;125
"2015";"96 Gorbitz-Ost";"StB 9 Cotta/westliche Ortschaften";"16 Gorbitz";"1-Pers-Haush.";1957;1957
"2015";"96 Gorbitz-Ost";"StB 9 Cotta/westliche Ortschaften";"16 Gorbitz";"2-Pers-Haush.";2204;1102
"2015";"96 Gorbitz-Ost";"StB 9 Cotta/westliche Ortschaften";"16 Gorbitz";"3-Pers-Haush.";888;296
"2015";"96 Gorbitz-Ost";"StB 9 Cotta/westliche Ortschaften";"16 Gorbitz";"4-Pers-Haush.";604;151
"2015";"96 Gorbitz-Ost";"StB 9 Cotta/westliche Ortschaften";"16 Gorbitz";"5-u.m.-Pers-Hh.";327;61
"2015";"97 Gorbitz-Nord/Neu-Omsewitz";"StB 9 Cotta/westliche Ortschaften";"16 Gorbitz";"1-Pers-Haush.";2256;2256
"2015";"97 Gorbitz-Nord/Neu-Omsewitz";"StB 9 Cotta/westliche Ortschaften";"16 Gorbitz";"2-Pers-Haush.";2034;1017
"2015";"97 Gorbitz-Nord/Neu-Omsewitz";"StB 9 Cotta/westliche Ortschaften";"16 Gorbitz";"3-Pers-Haush.";930;310
"2015";"97 Gorbitz-Nord/Neu-Omsewitz";"StB 9 Cotta/westliche Ortschaften";"16 Gorbitz";"4-Pers-Haush.";508;127
"2015";"97 Gorbitz-Nord/Neu-Omsewitz";"StB 9 Cotta/westliche Ortschaften";"16 Gorbitz";"5-u.m.-Pers-Hh.";328;55
"2015";"98 Briesnitz";"StB 9 Cotta/westliche Ortschaften";"17 Briesnitz und westliche OS";"1-Pers-Haush.";2353;2353
"2015";"98 Briesnitz";"StB 9 Cotta/westliche Ortschaften";"17 Briesnitz und westliche OS";"2-Pers-Haush.";3722;1861
"2015";"98 Briesnitz";"StB 9 Cotta/westliche Ortschaften";"17 Briesnitz und westliche OS";"3-Pers-Haush.";2223;741
"2015";"98 Briesnitz";"StB 9 Cotta/westliche Ortschaften";"17 Briesnitz und westliche OS";"4-Pers-Haush.";2132;533
"2015";"98 Briesnitz";"StB 9 Cotta/westliche Ortschaften";"17 Briesnitz und westliche OS";"5-u.m.-Pers-Hh.";662;126
"2015";"99 Altfranken/Gompitz";"StB 9 Cotta/westliche Ortschaften";"17 Briesnitz und westliche OS";"1-Pers-Haush.";496;496
"2015";"99 Altfranken/Gompitz";"StB 9 Cotta/westliche Ortschaften";"17 Briesnitz und westliche OS";"2-Pers-Haush.";1558;779
"2015";"99 Altfranken/Gompitz";"StB 9 Cotta/westliche Ortschaften";"17 Briesnitz und westliche OS";"3-Pers-Haush.";975;325
"2015";"99 Altfranken/Gompitz";"StB 9 Cotta/westliche Ortschaften";"17 Briesnitz und westliche OS";"4-Pers-Haush.";1052;263
"2015";"99 Altfranken/Gompitz";"StB 9 Cotta/westliche Ortschaften";"17 Briesnitz und westliche OS";"5-u.m.-Pers-Hh.";288;56
